211,244,466,276,277,349,310,498,279,275,21
285,282,447,285,272,344,313,490,285,271,37
225,145,540,282,274,340,322,486,279,277,53
279,255,469,284,272,339,322,490,285,271,69
250,279,470,274,280,346,320,498,273,281,84
281,262,456,285,272,342,317,489,282,273,101
242,236,467,275,281,349,308,503,274,280,116
256,233,456,279,277,341,313,498,280,274,133
226,240,480,280,276,333,322,486,277,278,148
244,229,477,285,272,339,323,487,282,271,164
241,258,475,275,282,349,312,499,272,282,180
231,268,489,275,280,343,317,498,273,282,196
247,232,469,276,278,346,316,496,277,277,211
265,232,449,281,273,342,315,490,282,271,228
288,207,473,280,278,338,323,489,275,280,244
229,243,482,275,280,337,316,498,273,280,260
298,220,454,278,279,342,322,490,274,281,276
288,325,424,274,280,346,314,500,272,280,291
204,249,486,279,276,347,307,493,279,274,308
230,251,488,281,275,336,321,490,281,273,323
252,217,479,279,279,339,319,490,275,280,339
289,274,458,275,281,348,312,498,272,281,356
215,211,500,277,281,343,317,500,274,270,371
245,186,491,285,271,340,326,488,283,271,388
246,218,480,275,281,337,316,495,272,281,403
203,228,499,286,272,340,323,486,284,271,419
134,353,482,284,273,347,316,493,284,272,435
333,78,537,277,280,339,312,496,273,281,451
295,276,425,283,273,345,312,489,284,271,466
321,185,460,276,281,345,311,494,272,281,483
216,190,512,278,279,334,319,488,274,282,498
263,248,485,283,273,335,327,481,280,275,515
224,243,488,278,279,340,319,487,274,280,531
289,232,475,284,273,344,314,490,283,273,546
247,276,478,279,277,328,330,489,275,280,563
316,220,452,284,272,342,320,490,282,274,578
260,316,448,275,280,346,311,497,272,281,594
176,365,429,278,280,340,321,485,273,282,610
228,282,489,281,276,334,314,487,279,277,626
311,232,451,283,276,334,325,487,278,278,643
298,268,443,285,272,342,321,489,284,272,658
270,234,473,285,273,344,318,491,284,271,674
255,168,509,278,276,345,307,501,279,274,690
162,203,534,276,281,342,318,495,272,281,706
224,257,493,283,274,344,311,493,283,271,721
326,243,424,276,277,348,308,500,278,275,738
237,204,484,275,280,344,318,502,274,279,753
206,271,499,284,272,340,329,483,281,273,770
226,323,459,280,275,344,318,495,282,272,786
219,258,520,284,273,336,329,485,280,276,801
334,305,403,278,277,347,315,492,280,273,818
251,149,540,283,274,341,325,486,281,277,833
286,178,474,274,281,344,310,502,272,279,849
286,240,446,276,280,348,319,496,273,281,865
292,112,534,282,274,339,317,489,280,275,881
320,246,447,283,272,341,321,489,283,271,898
207,202,498,276,277,347,320,495,276,275,913
321,324,382,281,274,348,319,502,283,272,929
322,253,439,274,280,345,320,495,271,281,945
250,323,446,274,280,339,316,502,271,280,961
326,60,553,273,279,341,315,497,273,278,976
249,294,463,275,282,340,313,495,272,282,993
293,147,503,284,272,337,322,484,282,272,1008
267,174,491,277,281,336,318,492,272,281,1025
234,245,480,284,271,336,324,484,283,272,1041
158,245,522,284,274,348,322,489,285,272,1056
113,272,538,285,272,342,320,486,283,273,1073
189,305,487,279,280,337,319,488,275,280,1088
354,118,482,285,273,339,323,487,282,273,1104
256,257,492,283,276,349,317,494,283,274,1121
204,225,505,275,278,346,314,497,278,276,1136
244,283,472,285,273,334,327,485,282,273,1153
262,214,470,285,273,342,319,483,284,272,1169
330,264,424,278,282,344,320,492,274,283,1184
207,240,502,285,272,345,325,485,284,272,1201
188,403,374,284,273,348,319,495,284,271,1216
276,249,450,275,282,341,315,501,272,282,1232
227,195,490,277,281,351,307,503,275,281,1249
314,178,454,279,276,345,306,496,280,274,1264
285,253,472,280,278,341,313,487,277,278,1281
316,186,466,280,277,339,324,488,277,279,1297
261,217,473,286,275,334,322,491,285,274,1312
276,244,451,275,281,348,308,499,273,282,1329
255,194,479,279,279,336,318,489,276,279,1344
255,237,458,273,279,344,310,497,272,280,1360
318,244,455,284,276,345,306,498,284,274,1377
213,259,493,284,272,341,313,492,284,271,1392
199,195,516,275,279,342,316,493,271,281,1409
223,264,491,285,272,341,320,483,284,271,1424
283,278,450,276,283,347,314,499,273,283,1440
216,255,496,282,274,341,310,489,281,274,1457
268,216,467,280,276,340,323,482,279,276,1472
275,243,464,284,272,334,325,479,282,272,1488
249,259,463,282,276,342,318,492,282,275,1505
254,239,454,274,280,350,312,497,273,281,1520
270,291,449,277,280,339,324,495,275,281,1537
228,237,482,275,279,347,310,499,274,280,1552
304,274,430,284,272,330,318,487,285,272,1568
282,204,465,279,277,336,330,493,279,277,1585
261,229,468,277,280,343,321,495,275,280,1600
266,264,461,284,274,338,331,494,283,273,1616
257,254,452,279,278,344,314,496,279,276,1632
286,210,462,278,277,342,314,499,277,277,1648
324,234,436,279,277,348,313,491,277,278,1665
261,233,460,274,281,343,312,497,273,280,1680
274,206,467,275,280,344,327,498,272,280,1696
297,239,448,275,279,346,327,496,274,279,1713
240,220,491,284,271,336,335,486,283,271,1728
229,224,488,282,274,340,321,488,280,274,1744
195,249,510,276,279,351,311,504,275,279,1760
308,233,455,286,272,341,325,487,284,270,1776
255,252,485,277,279,336,325,497,276,279,1793
312,287,439,278,274,350,322,497,280,274,1808
157,236,551,284,271,335,328,489,283,271,1824
310,253,446,275,281,342,319,498,274,280,1841
235,252,470,274,279,348,322,500,272,281,1856
231,242,472,275,279,346,312,506,273,281,1872
212,276,484,274,281,346,321,502,271,281,1888
264,250,480,282,274,342,325,489,280,274,1904
269,252,484,283,272,344,325,487,283,271,1921
243,259,466,278,278,343,326,492,277,278,1936
261,254,462,279,277,344,329,493,278,276,1952
229,246,474,278,277,346,320,501,275,278,1968
251,260,470,275,280,347,319,498,272,280,1984
230,247,490,276,281,333,330,493,274,280,2000
263,233,475,283,275,345,323,485,281,273,2016
241,242,478,283,274,343,315,490,282,274,2032
265,276,466,276,280,340,316,490,274,280,2049
283,254,455,281,275,321,330,481,280,274,2064
249,286,471,281,275,329,328,487,280,275,2080
257,248,498,285,273,322,329,484,284,271,2096
180,284,483,283,274,340,325,485,281,274,2112
247,260,473,277,279,341,318,495,276,280,2128
313,261,446,284,280,340,324,494,276,279,2144
217,226,498,279,277,351,307,497,277,277,2160
229,213,482,283,274,337,330,481,283,273,2177
166,349,463,277,280,339,325,494,274,281,2192
229,255,476,280,276,334,323,487,279,275,2208
251,267,474,279,277,343,323,488,276,277,2224
61,355,515,276,279,346,312,492,273,280,2240
277,214,464,275,282,344,314,494,272,282,2256
190,260,491,276,281,342,324,500,272,281,2272
278,195,485,285,272,342,331,494,284,270,2288
239,245,461,281,275,344,319,495,280,275,2304
241,221,475,284,272,337,322,493,284,281,2320
256,278,472,277,279,340,321,493,275,279,2336
262,215,476,277,280,341,325,499,275,280,2352
338,171,467,280,275,336,324,497,279,275,2368
272,213,485,285,272,346,321,489,284,272,2384
209,301,485,279,278,341,330,491,276,278,2400
259,188,477,278,278,344,319,499,276,278,2416
219,204,499,280,276,342,324,492,279,276,2432
266,232,465,285,272,335,323,488,283,271,2448
301,287,439,274,281,345,312,499,271,282,2464
210,219,512,284,275,342,324,487,282,276,2480
248,212,471,276,281,339,309,495,273,282,2496
253,211,480,279,277,334,320,494,278,277,2512
288,234,461,284,273,342,314,491,282,273,2528
256,219,473,283,273,341,326,491,282,273,2544
318,292,409,278,281,345,326,492,273,280,2560
288,321,412,284,272,349,326,488,283,272,2576
232,230,474,281,276,345,311,494,280,275,2592
324,203,470,284,272,335,328,493,284,270,2608
232,246,498,277,277,352,311,500,275,277,2624
232,273,474,276,279,347,311,495,272,280,2639
221,197,507,276,279,347,309,501,273,279,2656
259,261,476,283,272,334,322,484,282,272,2672
257,316,442,284,272,335,326,485,284,270,2688
247,305,450,274,280,346,314,496,273,281,2704
263,247,467,278,277,350,315,497,275,277,2720
314,268,448,279,276,343,321,495,278,278,2736
265,245,494,276,280,337,327,492,273,280,2752
228,241,508,285,272,337,327,480,285,271,2767
199,220,530,285,273,338,322,485,284,272,2784
225,221,489,284,274,342,323,491,284,272,2800
303,270,448,285,273,341,326,492,283,273,2816
256,266,488,284,272,327,334,485,283,271,2832
287,195,466,275,280,348,316,501,274,281,2847
282,300,448,284,272,342,319,490,283,281,2864
296,264,423,274,280,351,310,502,274,280,2880
281,304,435,279,277,348,320,497,278,277,2895
215,172,537,279,277,333,326,498,277,276,2912
269,209,474,281,275,341,328,489,280,274,2928
256,303,454,274,280,338,327,496,271,282,2944
271,291,450,273,280,341,311,498,271,281,2960
193,324,461,274,281,344,315,494,271,281,2975
252,271,470,274,281,347,315,494,272,282,2992
238,323,449,276,280,339,320,493,273,282,3008
238,212,487,280,275,336,327,486,278,277,3023
176,120,609,277,279,337,313,488,274,281,3040
339,163,471,284,273,334,323,484,284,272,3055
196,299,483,274,281,344,304,495,272,280,3072
209,203,490,275,281,341,311,494,272,280,3088
280,252,453,285,272,336,317,487,284,271,3103
215,277,473,275,280,348,311,497,274,279,3120
356,195,444,283,273,339,325,488,281,275,3136
319,207,454,285,272,338,323,492,284,271,3151
245,339,429,277,279,348,318,495,275,280,3168
263,295,461,275,281,347,323,500,272,282,3183
264,228,463,275,281,349,310,505,273,281,3200
231,278,489,284,274,347,320,493,283,272,3216
310,254,438,276,280,346,322,495,275,281,3231
265,299,462,276,279,348,316,497,274,280,3248
247,303,468,278,278,345,318,488,276,280,3263
195,243,474,276,280,337,317,496,274,280,3279
275,163,498,285,273,343,330,486,284,271,3296
266,238,455,275,280,338,320,490,273,281,3311
243,223,488,284,272,343,319,487,283,272,3328
310,253,438,276,280,345,315,492,273,281,3344
238,319,452,277,279,343,315,495,276,280,3359
232,246,489,275,281,348,316,497,272,282,3376
206,237,499,278,278,338,325,487,276,279,3391
263,291,466,278,278,342,324,491,276,279,3407
266,288,460,284,272,336,334,485,283,271,3424
279,279,465,286,272,348,323,493,285,271,3439
286,276,452,278,278,340,322,493,275,280,3456
277,298,431,274,281,345,318,499,272,281,3472
185,208,544,282,273,345,323,493,283,272,3487
289,274,454,280,276,341,323,495,278,278,3504
180,277,505,276,281,335,330,485,271,282,3519
234,284,490,284,272,338,324,490,284,272,3535
197,231,488,274,281,350,311,502,272,281,3552
162,230,528,284,272,342,320,490,285,271,3567
202,334,464,284,272,335,327,484,283,272,3584
166,423,389,275,280,339,316,497,272,281,3600
352,40,566,283,275,330,326,486,280,276,3615
126,311,516,277,277,349,314,496,279,276,3632
239,260,497,274,272,338,316,495,284,271,3647
178,322,484,278,278,339,320,493,275,279,3663
337,272,425,284,271,343,319,489,283,271,3680
120,297,530,281,279,342,331,490,277,279,3695
411,146,428,274,281,336,322,493,272,282,3712
212,169,538,281,275,342,318,486,279,276,3727
179,129,610,281,278,338,314,490,275,280,3743
322,301,400,276,283,354,307,499,274,282,3760
338,73,532,284,273,339,328,486,283,271,3775
376,179,434,274,281,345,320,495,271,281,3791
185,223,545,283,273,336,321,484,281,273,3807
254,195,485,282,276,337,318,488,281,276,3823
219,333,455,281,276,328,327,483,279,276,3840
177,245,526,280,277,334,331,488,277,278,3855
200,351,439,275,281,349,322,498,273,281,3871
178,205,552,281,278,334,332,485,279,280,3888
219,394,374,275,280,349,307,499,272,280,3903
287,126,518,277,280,342,316,493,274,280,3919
401,123,455,285,271,333,325,486,284,270,3935
182,321,474,276,281,342,321,507,273,281,3951
170,213,512,279,276,345,316,495,277,276,3968
199,245,516,277,275,340,317,491,281,274,3983
185,331,474,285,272,343,330,481,284,271,3999
253,320,441,282,277,349,318,496,282,275,4016
213,315,481,276,280,344,324,496,273,281,4031
200,347,452,275,281,341,324,496,272,281,4047
333,179,460,278,278,335,319,496,276,280,4063
175,228,523,276,281,343,311,504,275,281,4079
208,243,506,283,274,334,328,488,281,275,4096
236,376,367,279,275,349,313,496,281,273,4111
157,267,521,284,273,341,319,488,284,270,4127
311,147,495,285,274,336,326,482,284,272,4144
186,280,491,275,280,344,314,495,273,281,4159
271,254,464,274,281,352,314,501,272,281,4175
260,285,440,275,280,352,314,499,273,280,4191
275,248,455,278,281,341,323,494,276,281,4207
272,198,474,280,276,344,319,492,278,276,4224
209,262,487,277,279,339,320,494,275,280,4239
279,308,436,277,280,340,313,495,273,281,4255
296,185,485,286,275,341,310,490,285,272,4271
284,246,485,284,273,344,309,490,283,269,4287
205,220,485,276,278,349,309,500,274,275,4303
271,213,473,276,280,343,314,497,273,278,4319
262,285,454,276,282,351,319,502,274,281,4335
247,202,477,281,276,327,437,466,280,278,4352
83,336,516,277,281,300,658,374,282,311,4367
248,310,469,279,280,558,650,334,310,369,4383
244,200,402,283,279,659,656,549,291,380,4399
313,19,547,283,271,651,654,244,273,389,4415
269,150,575,285,279,655,0,112,258,387,4430
249,208,614,270,279,639,4,378,281,387,4447
443,176,450,272,286,527,0,526,255,292,4462
0,554,389,273,282,442,172,403,260,241,4478
466,160,428,273,279,417,241,434,265,237,4495
256,210,455,283,270,389,40,470,274,226,4510
162,280,421,281,281,395,36,458,272,191,4527
173,285,440,274,275,458,39,490,278,178,4542
206,148,485,279,282,510,207,368,277,168,4558
328,144,508,275,282,591,345,377,285,174,4575
218,231,453,285,278,622,501,421,275,173,4590
70,117,643,286,276,498,649,431,270,218,4606
378,297,320,276,276,371,637,480,277,244,4622
315,327,428,277,277,322,422,430,284,268,4638
329,180,470,279,279,352,302,501,284,273,4655
231,245,488,279,279,369,300,534,280,269,4670
207,155,549,284,272,358,321,500,285,262,4686
230,309,461,277,279,339,338,490,276,274,4702
257,166,480,275,281,354,334,518,273,279,4718
240,171,487,276,281,345,307,515,272,279,4734
221,229,467,273,280,331,290,474,271,280,4750
243,261,485,275,279,338,298,484,273,282,4766
220,239,490,285,271,348,300,503,284,274,4782
236,239,464,284,273,338,283,491,283,274,4798
179,268,483,281,275,336,298,490,279,277,4814
238,244,443,285,272,341,307,483,282,276,4830
246,157,496,276,281,345,307,498,271,287,4846
262,210,472,275,280,335,296,489,272,287,4862
284,256,481,274,280,347,296,502,273,282,4878
292,248,437,279,277,351,306,497,278,277,4894
177,245,496,278,278,340,308,490,278,278,4910
227,236,483,276,281,339,317,492,274,283,4926
275,212,466,278,277,347,294,498,278,279,4942
281,251,456,281,275,338,293,494,282,276,4958
303,271,439,277,280,340,290,486,274,282,4974
229,249,493,278,276,341,283,500,278,274,4990
239,252,469,274,281,347,293,503,272,280,5006
196,234,492,279,277,343,300,498,277,277,5022
226,264,478,275,279,347,294,500,274,278,5038
288,254,443,275,280,343,296,502,273,280,5054
207,251,496,278,279,343,282,488,275,278,5070
289,226,469,282,274,337,296,490,280,272,5086
293,208,451,284,271,337,311,488,283,271,5102
266,252,461,284,271,330,316,487,282,272,5117
303,212,453,275,281,350,302,492,272,283,5134
262,197,478,282,274,346,301,485,278,276,5150
254,281,467,285,281,337,298,484,271,283,5166
301,268,424,279,279,348,298,511,273,281,5182
292,238,436,277,278,336,291,470,277,277,5198
220,229,473,281,275,345,290,500,280,275,5214
247,237,487,282,274,333,311,489,281,274,5230
237,234,472,279,280,344,299,496,275,280,5245
269,240,476,276,279,347,288,490,274,279,5262
251,245,487,284,274,333,309,487,282,272,5278
238,233,462,276,280,344,300,495,274,278,5294
245,244,484,283,274,342,306,479,281,272,5310
260,234,464,282,274,337,298,489,281,274,5325
246,214,464,283,274,353,290,494,282,279,5342
234,218,490,286,272,343,295,490,284,271,5358
219,232,465,279,276,343,304,487,279,274,5373
238,246,489,282,272,339,306,483,282,272,5390
230,262,467,274,281,340,304,501,271,281,5406
275,252,472,284,271,341,296,485,283,271,5422
294,235,452,284,272,336,295,484,283,272,5438
266,222,471,285,272,342,302,491,283,271,5453
202,201,511,284,272,336,310,483,283,271,5470
255,228,466,274,280,342,298,494,272,281,5486
284,252,460,275,281,343,292,499,272,281,5501
231,258,485,275,280,346,284,494,273,280,5518
219,239,475,283,274,342,296,492,281,271,5534
249,261,472,276,279,339,306,488,274,278,5550
237,190,490,276,278,345,303,497,274,277,5566
220,231,485,282,274,335,307,479,279,275,5581
258,258,467,282,274,338,304,489,279,273,5598
223,223,478,276,280,347,295,498,274,280,5614
262,246,470,279,277,343,308,496,277,276,5629
249,214,475,280,276,334,318,486,277,277,5646
244,257,477,282,274,347,312,488,281,274,5661
249,291,462,284,272,338,313,481,282,282,5678
191,248,506,282,274,345,297,494,281,273,5694
187,231,487,275,281,349,293,503,272,281,5709
238,206,476,278,277,341,301,496,276,277,5726
241,194,481,285,272,340,305,484,284,270,5742
236,283,463,280,275,346,305,491,281,274,5757
285,249,463,285,273,332,311,488,284,272,5774
236,270,467,280,276,343,306,483,281,276,5789
240,203,479,284,272,340,305,490,284,271,5806
280,257,452,283,273,340,300,485,283,272,5822
248,239,480,285,273,339,302,488,284,272,5837
233,226,480,279,277,345,295,497,277,277,5854
235,178,512,284,273,336,304,485,283,272,5869
278,196,453,284,272,337,299,488,283,272,5885
286,265,452,283,273,339,300,489,283,271,5902
213,219,475,276,281,341,306,494,274,281,5917
220,240,479,275,280,344,303,495,273,280,5934
213,208,490,282,274,343,308,488,280,273,5950
240,189,488,278,278,338,319,487,277,278,5965
257,245,484,280,275,338,311,488,280,275,5982
234,269,452,276,280,341,296,501,274,280,5997
238,217,484,276,278,347,303,493,274,278,6013
244,249,484,274,281,343,305,500,272,281,6030
182,240,508,276,274,344,302,493,283,273,6045
129,282,506,280,275,348,297,492,281,274,6062
250,252,471,277,279,352,290,497,275,280,6078
233,186,491,274,280,349,284,501,273,281,6093
244,211,476,284,272,341,309,494,284,270,6110
200,300,471,285,272,341,318,486,284,271,6125
272,120,507,274,281,343,292,502,272,281,6141
295,142,486,281,276,340,299,490,279,276,6158
189,252,484,275,281,347,297,500,272,282,6173
296,257,438,274,281,338,295,496,272,281,6190
268,279,455,283,272,336,301,488,281,272,6205
283,281,435,277,278,340,296,492,274,279,6221
208,259,482,276,278,335,304,491,274,278,6238
196,206,498,276,273,339,303,494,283,272,6253
193,230,514,280,276,332,303,490,278,276,6269
307,260,432,274,281,342,306,491,272,280,6286
235,249,455,279,276,344,301,487,280,274,6301
269,305,430,283,273,338,312,483,284,272,6318
230,218,460,278,279,340,303,498,277,277,6333
297,255,463,283,273,341,306,486,282,273,6349
313,279,409,276,280,341,300,493,272,282,6366
206,272,478,286,273,337,304,491,284,270,6381
213,140,542,276,281,350,297,500,272,281,6397
232,207,477,284,272,344,305,487,282,272,6414
237,184,484,283,273,330,316,488,283,272,6429
271,250,451,282,274,340,302,491,281,274,6446
218,213,502,285,273,335,309,490,283,272,6461
244,267,471,285,272,342,305,491,284,270,6477
314,244,420,283,273,336,312,489,284,271,6494
260,216,470,281,275,329,315,485,278,277,6509
223,202,493,286,273,336,312,488,284,273,6525
314,228,446,280,277,338,300,490,279,277,6541
216,233,474,275,280,345,285,501,272,280,6557
247,204,477,279,279,337,291,492,276,277,6574
238,197,491,287,274,330,308,490,286,269,6589
212,257,492,277,277,345,316,492,277,275,6605
246,168,479,282,274,339,548,428,285,279,6622
94,162,640,278,274,390,651,316,298,327,6637
225,246,493,279,271,660,663,546,304,390,6653
175,238,379,288,266,653,651,448,266,389,6669
348,54,497,277,277,658,54,186,260,378,6685
343,57,635,270,279,533,2,272,280,381,6701
115,407,458,275,282,448,0,510,268,312,6717
178,88,563,278,281,396,172,432,256,265,6732
75,422,458,285,272,427,289,464,264,263,6749
246,363,395,282,279,344,49,485,251,246,6764
19,367,503,286,275,365,13,417,265,221,6780
325,200,455,275,273,393,59,501,271,195,6797
150,283,450,273,277,427,112,454,279,178,6812
327,75,541,272,277,573,200,441,280,180,6829
190,186,468,273,282,631,536,388,286,175,6844
193,131,505,282,285,537,613,422,281,187,6860
153,148,597,275,279,438,652,517,283,237,6877
310,95,495,285,273,359,372,514,279,264,6892
244,262,492,287,273,327,319,485,288,270,6908
266,252,447,276,277,351,197,505,281,265,6924
301,274,443,282,275,341,254,481,282,261,6940
207,201,483,285,271,330,291,472,286,256,6957
244,241,471,285,272,338,584,438,287,266,6972
189,362,411,280,270,386,653,306,299,331,6988
150,283,422,276,271,657,659,649,302,386,7004
219,66,424,280,270,657,658,604,244,379,7020
323,150,476,278,278,659,0,73,236,380,7035
109,324,610,279,278,494,0,244,265,389,7052
245,302,484,281,274,409,0,383,272,247,7067
279,456,256,278,283,373,465,384,268,222,7084
124,414,388,283,279,374,200,501,277,234,7100
262,417,309,284,274,383,151,570,270,227,7115
243,6,619,274,276,391,5,472,269,194,7132
214,167,487,283,277,415,62,384,267,177,7147
260,104,518,274,277,592,264,353,274,180,7163
262,112,518,276,275,533,547,265,280,184,7180
279,41,584,280,274,468,650,464,290,220,7195
254,317,444,276,277,392,647,523,279,271,7212
211,276,484,275,278,342,379,529,278,289,7227
231,301,477,274,279,351,323,532,279,287,7243
255,222,474,282,274,358,238,530,284,275,7260
216,214,497,278,279,358,255,512,275,274,7275
199,245,496,275,281,335,301,484,272,278,7291
254,153,503,276,281,334,313,483,274,281,7307
205,215,506,285,272,339,265,506,285,270,7323
224,155,519,282,275,320,291,470,282,273,7340
250,245,472,275,282,329,290,476,277,284,7355
282,261,416,277,279,347,284,522,277,281,7371
261,243,470,283,272,327,280,492,283,273,7387
268,245,476,284,271,326,296,488,284,272,7403
200,202,492,281,276,331,306,481,281,275,7419
257,228,462,283,274,338,306,493,281,276,7435
241,269,467,281,274,336,297,494,280,277,7451
310,224,453,284,272,338,295,490,284,274,7468
276,228,446,273,280,347,274,501,271,283,7483
216,225,493,284,272,335,289,483,283,270,7499
309,226,432,284,272,334,297,489,283,270,7515
277,158,481,284,273,334,300,488,283,272,7531
279,184,463,284,274,326,309,481,283,273,7547
290,187,462,283,273,320,297,478,282,273,7563
234,298,463,285,272,333,281,486,286,270,7579
279,309,403,281,277,346,272,493,279,276,7596
202,279,471,284,273,335,308,487,283,272,7611
283,169,452,274,279,337,294,493,273,279,7627
275,104,527,280,277,339,292,498,279,277,7643
217,234,487,277,279,347,293,500,278,277,7659
239,205,474,283,274,342,287,491,282,274,7675
232,251,477,275,280,342,283,504,273,281,7691
253,251,470,279,277,342,288,496,277,278,7707
220,170,494,281,275,340,296,490,280,276,7723
269,240,478,284,273,330,304,476,284,272,7739
201,276,480,284,274,334,300,484,284,274,7755
205,203,491,276,281,346,286,497,274,281,7771
275,203,450,278,278,345,291,495,277,280,7787
325,167,467,285,272,340,301,490,285,271,7803
252,188,486,285,272,333,307,483,284,271,7819
223,224,488,284,272,330,306,481,284,273,7835
203,207,487,280,276,341,279,489,279,276,7851
216,244,455,275,281,351,272,501,273,282,7867
214,208,499,282,275,345,276,491,280,274,7883
244,236,484,275,282,350,281,495,272,280,7899
213,203,497,274,281,341,285,491,272,280,7915
244,235,476,282,274,334,295,482,282,272,7931
245,215,448,274,282,352,271,501,272,281,7947
263,180,460,279,277,345,269,496,276,278,7963
274,151,496,283,274,339,280,489,283,273,7979
210,181,496,275,279,351,280,501,272,279,7995
293,242,436,275,279,345,281,506,273,279,8011
198,238,492,283,273,332,307,489,283,272,8027
233,216,461,281,274,337,300,488,280,276,8043
155,343,450,285,272,336,297,479,283,273,8059
345,210,435,282,274,345,283,494,283,273,8075
283,280,431,274,281,339,287,495,272,282,8091
252,273,455,278,278,342,285,492,276,279,8107
168,283,501,284,274,339,283,493,284,271,8123
242,268,464,280,276,347,291,486,278,275,8139
235,208,469,275,281,346,280,503,274,281,8155
199,240,475,282,275,336,288,494,281,274,8171
270,214,446,275,280,333,298,489,272,281,8186
227,256,491,283,274,353,279,485,282,272,8203
196,266,466,280,277,337,286,492,276,277,8219
215,118,549,276,278,352,275,496,277,276,8235
271,163,475,279,278,341,283,491,277,278,8251
310,241,436,276,279,349,273,496,275,280,8267
211,233,465,275,280,343,282,497,273,280,8283
292,252,438,284,273,340,288,491,283,272,8299
247,274,466,275,280,341,288,491,274,280,8314
227,193,468,277,279,339,294,496,274,273,8331
212,240,495,275,280,344,294,492,273,281,8347
202,255,480,277,280,347,288,493,275,281,8363
235,284,458,283,274,330,286,486,283,272,8379
303,193,440,276,281,339,279,496,273,282,8395
226,264,480,277,277,349,281,495,277,277,8411
293,215,457,283,274,335,288,488,282,272,8427
235,259,486,286,271,338,285,486,284,270,8442
229,158,508,274,281,345,296,496,271,281,8459
194,260,501,283,274,342,297,486,283,271,8475
224,220,468,280,276,340,289,485,279,277,8491
241,176,480,284,272,341,288,491,284,272,8507
295,216,436,275,281,351,276,499,272,281,8523
296,243,451,278,279,341,283,487,280,274,8539
223,185,493,279,278,336,287,486,278,279,8555
289,243,441,279,278,347,274,497,278,277,8570
271,157,481,276,280,345,280,495,274,281,8587
267,248,455,276,281,340,293,497,274,281,8603
247,236,491,285,272,344,291,485,283,271,8619
276,273,439,281,276,342,283,491,279,277,8635
337,231,424,275,281,339,286,497,274,281,8651
303,288,430,284,273,332,291,490,283,271,8667
300,245,415,274,281,347,276,500,271,280,8683
239,223,503,280,276,343,286,489,278,277,8698
254,244,471,282,274,337,293,486,280,273,8715
242,234,480,274,281,343,290,493,272,281,8731
222,207,485,274,280,349,282,493,273,280,8747
243,252,463,278,277,348,277,493,276,277,8763
257,269,448,281,274,343,284,485,281,273,8779
335,79,510,280,276,334,291,484,279,276,8795
252,139,501,275,279,346,278,494,274,280,8811
254,242,457,274,280,349,280,497,272,281,8826
240,200,464,274,280,344,283,496,272,281,8843
215,306,441,281,275,346,281,496,279,276,8859
227,177,486,280,276,347,280,496,278,276,8875
229,173,489,279,276,344,287,490,279,275,8891
306,111,496,284,272,341,289,484,284,271,8906
261,194,461,278,278,340,291,496,275,279,8923
246,173,484,281,276,336,297,486,280,275,8939
238,260,467,284,273,337,290,492,283,273,8954
226,251,480,278,277,348,275,497,277,277,8971
223,199,485,274,281,348,282,496,273,281,8987
279,215,456,276,280,341,286,492,273,282,9003
230,263,466,277,278,343,275,502,275,279,9019
216,218,483,276,279,344,286,497,274,279,9034
196,214,500,279,277,338,284,494,277,278,9051
294,288,419,276,279,353,271,499,274,278,9067
228,206,481,280,276,339,292,485,278,276,9082
265,225,454,277,281,345,291,499,274,279,9099
238,239,483,285,273,339,287,492,284,272,9114
214,238,482,284,273,337,288,490,284,272,9131
239,219,481,284,272,337,292,485,283,270,9147
244,212,468,286,273,334,295,488,285,272,9162
237,195,479,277,279,348,283,496,276,280,9179
239,177,488,284,273,339,289,482,282,273,9195
255,229,471,277,278,345,285,493,281,272,9210
249,257,452,282,277,342,285,492,280,276,9227
216,231,478,283,274,347,279,490,283,272,9242
363,281,362,277,280,347,284,494,273,281,9259
235,160,514,275,281,343,288,493,272,281,9275
278,207,449,277,280,351,282,504,277,280,9290
212,192,487,278,277,344,279,493,276,276,9307
287,232,446,273,280,348,283,495,271,280,9323
212,214,503,281,276,334,298,487,278,277,9338
230,221,458,276,282,340,291,497,274,282,9355
219,220,458,285,273,342,288,490,284,272,9370
197,190,504,279,279,339,287,487,277,279,9387
224,186,495,283,274,343,284,495,283,274,9403
212,246,480,282,278,344,289,495,281,276,9418
242,195,463,279,277,348,283,497,278,277,9435
231,233,482,276,279,341,289,498,275,279,9451
361,212,428,285,272,342,289,490,283,273,9466
283,161,484,281,278,338,291,493,279,279,9483
233,294,457,283,275,342,288,486,280,275,9498
181,178,531,274,280,346,278,498,273,279,9515
237,198,472,285,272,341,292,483,284,271,9531
281,270,436,279,278,350,283,497,278,278,9546
292,269,430,284,272,335,289,486,285,271,9563
207,191,519,281,275,334,292,488,279,275,9579
255,261,437,281,274,344,284,492,281,275,9594
196,242,495,276,282,346,283,499,274,283,9611
251,153,486,276,281,343,284,494,273,281,9626
308,208,438,280,276,344,288,490,280,275,9643
271,246,450,283,274,347,296,491,283,273,9659
306,294,403,286,274,341,345,480,284,278,9674
389,146,426,284,272,351,438,475,285,283,9691
80,228,553,284,272,355,436,496,287,298,9706
125,375,424,285,270,361,160,493,285,308,9722
309,285,476,281,280,381,1,486,277,274,9739
256,362,559,276,284,487,3,396,280,190,9754
233,274,502,284,280,528,162,358,288,173,9771
259,129,471,284,276,557,262,552,290,189,9786
322,0,493,290,270,531,199,501,280,195,9802
305,19,531,285,271,609,469,575,273,188,9818
326,42,495,284,263,342,653,364,276,225,9834
225,94,520,277,269,324,648,412,276,259,9849
252,206,480,277,273,325,481,414,281,275,9866
310,292,428,273,280,356,439,463,284,280,9882
282,278,414,276,279,386,543,531,284,289,9897
250,182,491,283,275,382,520,499,290,290,9914
337,39,583,278,283,406,442,526,281,307,9930
383,233,363,276,280,404,476,500,281,312,9946
161,328,421,281,279,420,575,447,276,337,9962
99,405,400,283,274,496,532,465,279,357,9977
467,100,417,283,275,526,403,440,275,370,9994
65,284,546,281,274,505,185,430,279,368,10010
189,73,650,282,277,473,95,461,276,352,10025
150,374,472,281,277,427,2,483,278,329,10042
265,296,493,281,278,357,5,495,274,293,10057
147,281,495,273,285,336,0,479,263,263,10074
76,211,582,278,284,319,217,443,268,245,10089
312,65,462,280,274,320,339,434,285,236,10105
276,89,477,278,277,384,325,523,283,246,10122
317,155,454,278,278,341,345,506,274,267,10137
226,277,447,284,273,341,324,496,282,266,10153
257,218,483,283,274,318,382,451,283,274,10170
264,216,448,275,281,349,334,513,274,284,10185
248,226,459,278,281,338,308,498,279,282,10202
247,229,456,276,283,354,274,512,277,281,10218
285,255,452,275,282,352,264,515,274,279,10233
264,237,478,279,280,347,290,503,276,276,10250
250,227,462,277,280,345,297,500,274,278,10266
205,230,483,278,277,346,286,495,276,274,10281
277,305,399,282,273,341,283,495,284,269,10298
177,205,495,284,273,350,274,509,284,269,10314
255,133,506,284,273,337,289,488,284,266,10330
254,210,478,278,278,337,319,492,276,276,10346
241,252,469,279,277,330,328,489,278,276,10362
243,186,493,279,277,338,310,497,276,278,10378
216,263,476,285,272,335,301,487,284,271,10394
246,273,451,276,280,339,297,494,272,282,10411
207,232,495,285,272,335,302,486,283,271,10426
217,215,482,285,272,330,303,488,283,271,10442
196,240,484,275,280,336,304,497,272,281,10459
286,170,453,279,277,338,300,496,277,277,10474
190,197,496,280,276,341,298,492,280,276,10490
314,246,432,285,272,323,305,485,283,273,10507
200,261,465,274,281,336,290,499,272,281,10522
231,249,465,277,279,340,289,496,275,279,10539
287,154,472,283,274,339,302,489,283,273,10555
262,270,461,285,273,339,309,488,284,271,10571
250,269,450,275,280,341,303,501,283,272,10587
180,228,492,275,281,343,290,497,272,282,10603
242,178,476,277,278,340,287,495,277,279,10619
294,244,439,284,273,339,297,485,283,273,10635
200,192,502,274,280,343,296,501,272,282,10651
253,170,482,276,280,343,298,495,274,281,10668
260,226,450,283,272,334,299,487,282,272,10683
261,234,488,285,273,336,305,482,284,273,10699
231,202,467,275,281,344,288,501,272,283,10716
260,274,449,282,275,336,287,492,282,273,10731
171,215,501,281,275,333,301,486,280,275,10747
241,235,496,285,272,337,300,490,285,271,10764
260,208,452,278,279,344,290,498,275,279,10779
264,252,460,278,279,331,297,494,275,280,10796
301,228,440,277,279,343,295,492,276,277,10812
220,190,483,284,271,336,297,489,284,271,10827
230,217,452,275,279,349,278,496,274,278,10844
242,192,462,274,281,343,296,491,272,279,10860
215,216,475,279,278,334,305,493,279,278,10875
245,210,451,275,280,342,289,497,273,281,10892
198,190,491,284,274,336,301,491,282,274,10908
206,212,478,285,272,331,302,483,284,272,10924
319,153,460,284,272,338,300,482,284,271,10940
183,218,499,274,281,344,282,499,272,281,10956
224,309,431,277,279,340,289,498,276,277,10972
217,190,489,276,280,338,297,495,273,281,10988
219,126,539,285,272,332,295,487,284,271,11004
300,250,435,284,274,331,291,492,283,272,11020
217,216,472,274,281,343,289,495,272,282,11036
250,263,463,283,276,343,287,494,281,274,11053
255,252,471,283,273,342,297,490,283,273,11068
257,241,442,275,280,341,293,497,272,281,11084
262,266,446,275,280,337,302,493,272,281,11101
234,183,476,285,273,340,287,490,285,272,11117
195,206,509,274,280,351,281,502,272,280,11132
256,196,469,282,274,326,300,483,280,273,11149
222,270,471,283,274,330,302,484,282,272,11165
218,231,461,274,281,339,289,496,272,281,11181
204,240,477,275,281,346,292,494,273,282,11197
290,222,450,283,275,337,290,495,283,274,11213
259,215,452,282,274,342,289,488,281,275,11229
207,196,503,283,272,341,286,484,282,271,11245
284,220,450,284,272,330,298,483,282,272,11261
210,277,469,277,278,347,285,497,276,277,11277
329,66,520,276,280,334,296,495,275,280,11293
268,171,472,274,281,345,288,502,272,282,11310
311,160,451,275,279,348,285,499,272,280,11325
186,208,493,280,277,339,292,490,278,278,11341
231,269,461,275,280,343,279,498,272,280,11358
179,289,483,274,281,347,280,504,272,280,11373
224,244,491,285,273,335,310,485,283,271,11389
194,222,503,284,272,331,297,486,284,271,11406
218,340,420,281,275,338,294,491,279,276,11421
321,129,469,285,272,340,303,487,283,271,11438
216,173,497,283,273,340,292,488,284,271,11454
241,241,466,278,279,335,293,493,276,278,11469
217,280,461,277,279,338,292,492,274,280,11486
157,175,558,285,272,333,290,493,285,271,11502
394,225,391,274,281,341,288,497,272,282,11517
202,297,468,285,272,333,298,490,285,271,11534
235,266,465,281,275,332,290,502,281,274,11550
256,349,372,274,281,351,283,506,272,281,11566
190,181,524,276,281,342,292,498,273,281,11582
215,137,538,277,277,344,284,494,278,276,11598
343,176,428,275,281,344,289,498,273,282,11614
325,245,417,281,274,340,294,488,282,274,11630
194,286,465,275,279,335,290,496,273,279,11646
280,226,445,277,280,338,299,492,274,280,11662
265,190,463,283,273,341,296,491,282,272,11678
274,247,458,283,273,334,295,487,283,271,11695
238,246,464,275,279,332,290,496,272,280,11710
303,204,438,284,271,332,304,485,284,271,11726
251,240,461,283,274,337,293,488,283,273,11743
224,193,484,281,276,339,299,480,279,277,11759
266,229,457,284,274,343,293,491,284,273,11774
246,255,472,285,273,350,284,489,284,272,11791
230,211,471,275,280,343,289,495,272,281,11807
281,266,426,278,277,344,280,499,276,276,11823
196,191,506,283,274,337,293,483,282,273,11839
226,183,497,282,274,341,294,488,282,274,11855
217,162,506,283,274,338,298,490,283,274,11871
244,244,464,283,274,343,283,495,281,273,11887
249,249,472,275,280,339,285,501,273,281,11904
227,273,464,273,280,346,286,502,271,280,11919
243,191,468,283,274,345,291,494,282,272,11935
272,166,468,285,272,337,299,485,283,271,11952
276,304,418,284,272,333,302,481,283,271,11967
264,227,447,280,275,331,303,488,280,275,11983
244,210,458,276,280,341,290,491,274,280,12000
259,245,467,285,273,342,285,491,283,272,12015
232,277,458,275,279,346,283,496,274,279,12032
270,241,435,276,280,344,282,496,274,279,12048
340,182,452,274,280,345,283,496,273,281,12063
257,322,404,282,274,332,300,481,279,276,12080
183,134,557,285,273,334,309,485,284,271,12096
294,239,457,280,276,340,294,496,279,276,12111
270,294,403,274,280,343,292,504,273,280,12128
291,261,453,279,278,342,298,493,277,278,12144
201,194,511,282,274,339,290,492,280,275,12160
248,267,461,276,281,344,290,501,272,282,12176
208,207,522,284,273,344,295,493,283,274,12192
256,215,467,281,276,328,300,496,281,276,12209
238,253,467,277,277,342,302,490,277,279,12224
212,300,455,279,278,335,292,492,276,280,12240
385,255,372,276,280,342,290,500,274,281,12257
306,186,447,282,275,342,296,487,280,277,12272
237,191,466,283,275,346,297,487,281,277,12289
312,235,431,284,272,339,305,482,284,273,12305
249,265,457,279,276,340,300,488,278,278,12320
230,170,483,280,276,341,286,491,279,281,12337
217,184,502,286,272,333,182,490,284,272,12353
93,288,611,274,281,346,0,440,274,248,12368
193,421,452,280,282,454,1,319,279,182,12385
191,309,449,277,274,604,42,342,298,173,12400
195,172,377,286,272,588,375,527,293,179,12417
212,0,436,280,266,464,400,550,286,194,12433
350,81,457,281,268,390,660,434,279,210,12448
368,75,462,280,270,315,658,395,279,267,12465
341,85,496,281,271,365,638,439,290,287,12480
327,347,356,283,272,390,584,470,292,303,12496
448,153,458,285,276,453,656,511,296,315,12513
320,210,471,276,277,507,528,550,291,329,12528
525,54,510,271,281,553,531,547,278,348,12545
159,256,535,275,276,535,404,422,272,367,12561
258,196,547,274,282,532,179,372,269,365,12576
201,380,381,283,274,475,0,431,270,359,12593
262,274,436,272,282,384,1,463,268,327,12609
0,492,408,280,274,352,103,509,272,301,12624
511,123,378,281,278,311,255,470,265,296,12641
231,56,601,283,274,301,315,446,275,288,12656
236,285,428,276,279,319,329,459,279,290,12673
65,451,377,275,278,321,325,457,285,291,12689
399,294,320,280,276,344,252,472,288,295,12704
359,123,503,273,283,363,0,486,275,278,12721
192,414,492,274,279,460,3,387,285,200,12737
112,385,452,281,285,656,0,270,290,167,12752
185,285,403,288,280,655,215,366,290,169,12769
182,168,355,292,273,653,442,501,285,168,12784
265,0,457,292,266,524,601,553,261,198,12801
306,88,515,287,258,335,650,398,266,225,12817
356,118,495,286,265,332,652,392,285,257,12832
347,277,404,276,276,400,647,519,284,289,12849
256,335,445,275,279,385,536,489,284,297,12865
454,320,286,272,284,398,469,492,282,309,12880
319,0,661,273,288,385,489,461,279,322,12897
356,163,417,279,280,426,440,471,289,328,12913
286,181,502,274,282,450,357,449,288,338,12929
157,191,549,281,275,487,232,494,279,343,12945
241,72,648,276,277,434,75,483,280,331,12960
205,426,358,281,277,385,0,491,272,310,12977
167,215,518,281,275,326,18,458,275,278,12993
165,143,529,273,284,313,192,433,266,279,13008
279,170,430,278,279,336,297,505,269,282,13025
287,242,377,282,273,315,262,483,278,277,13041
261,255,432,283,274,314,270,454,279,280,13057
371,249,368,284,273,314,273,458,284,281,13073
200,258,491,275,282,329,251,480,275,285,13089
268,188,438,281,277,340,242,500,280,277,13105
186,113,582,283,273,360,250,522,282,271,13121
225,105,545,275,282,344,272,501,271,275,13137
186,242,479,280,277,347,333,495,279,273,13153
160,145,535,280,275,341,287,496,280,275,13169
178,223,516,283,274,332,291,477,281,276,13186
222,163,487,280,276,336,268,493,279,276,13201
201,254,448,285,271,329,285,489,284,269,13217
319,216,437,284,272,329,315,482,282,272,13234
207,251,483,274,280,331,309,485,275,280,13249
193,239,490,277,279,329,300,487,277,280,13265
384,181,392,279,277,339,288,491,278,279,13282
202,87,580,283,274,348,268,492,285,271,13297
226,290,455,285,271,356,278,504,285,269,13314
250,188,449,280,277,347,279,493,278,271,13330
110,258,535,276,280,346,302,499,272,278,13345
243,193,466,285,271,335,312,486,283,272,13362
280,180,450,279,279,333,292,497,275,282,13378
175,227,487,280,276,335,286,483,279,278,13393
265,193,452,282,277,335,277,487,279,278,13410
217,291,455,284,272,339,288,487,283,271,13426
234,263,462,282,274,337,305,492,281,272,13442
294,179,447,282,274,341,295,496,281,273,13458
284,191,442,284,273,338,302,489,284,272,13474
276,219,432,274,280,338,283,498,273,283,13490
261,271,449,284,272,342,267,490,284,272,13506
225,188,475,276,279,352,271,498,274,278,13522
231,260,459,285,272,345,294,487,284,271,13539
326,261,404,275,279,349,284,500,276,277,13554
266,232,454,279,277,336,298,489,277,277,13571
256,278,448,286,273,341,300,486,284,269,13587
291,200,454,283,273,335,304,484,282,273,13602
219,175,476,275,279,345,280,500,274,278,13619
255,202,457,277,277,350,281,500,277,277,13635
168,241,527,283,274,332,294,486,281,274,13650
288,274,422,279,278,334,295,487,276,280,13667
336,193,421,278,278,342,289,491,275,280,13683
199,295,450,275,281,330,291,485,272,282,13699
271,212,438,279,276,338,286,484,278,276,13715
202,259,472,275,281,349,273,496,272,281,13731
140,162,554,284,274,347,280,494,284,272,13747
207,309,439,278,278,345,272,496,278,276,13763
232,161,490,283,274,337,291,488,282,272,13779
258,140,489,276,279,341,285,493,274,279,13795
157,267,494,284,273,338,289,490,284,271,13811
265,150,472,280,276,345,286,497,280,274,13828
307,248,423,274,281,348,274,502,272,281,13843
165,293,490,276,282,342,286,498,273,282,13859
187,206,494,283,276,337,299,487,280,276,13876
287,248,437,280,277,337,300,492,277,279,13891
223,353,383,280,277,341,291,498,276,273,13907
261,236,468,278,279,347,292,490,275,279,13924
279,137,484,281,274,338,292,487,280,273,13939
247,16,627,274,280,339,288,498,271,280,13956
259,67,556,274,281,348,280,504,272,281,13972
207,237,463,277,280,350,278,500,273,280,13987
237,294,442,274,280,343,276,499,272,279,14004
205,216,474,273,280,342,284,495,272,281,14020
324,309,347,279,275,345,281,491,280,274,14035
211,250,483,277,282,343,285,493,274,282,14052
240,163,488,274,280,337,281,497,272,281,14068
314,104,483,276,279,340,283,492,275,281,14084
246,191,465,281,275,345,277,493,278,278,14100
221,288,464,287,273,345,280,494,285,272,14116
205,110,565,277,280,349,289,496,273,281,14132
243,130,504,274,281,349,284,498,272,280,14148
329,304,362,274,280,340,287,494,272,281,14164
285,195,445,278,279,343,285,502,278,278,14180
462,153,364,275,279,345,282,502,274,279,14196
309,39,549,281,275,344,285,488,281,273,14213
143,168,560,285,272,347,292,496,284,271,14228
288,353,344,275,282,343,289,498,273,282,14244
400,300,309,282,274,339,281,492,281,274,14261
176,173,503,274,280,339,281,499,272,280,14276
257,295,428,278,277,345,289,498,279,276,14292
173,209,506,285,275,344,275,499,285,275,14309
148,200,526,278,276,337,280,505,279,276,14324
303,291,393,282,275,328,299,488,278,277,14341
296,238,442,283,273,344,288,491,283,272,14357
163,161,531,277,281,344,281,498,275,281,14372
387,181,391,285,272,336,291,484,284,270,14389
249,160,487,276,280,339,283,492,274,280,14405
259,181,462,274,281,336,291,490,272,281,14422
327,335,322,277,281,350,286,498,277,279,14437
371,163,423,274,281,340,285,500,272,281,14453
323,159,460,274,280,344,288,493,272,280,14470
253,292,430,278,279,325,304,482,275,280,14485
220,251,459,282,277,347,285,494,280,277,14501
324,283,389,276,281,346,279,499,273,282,14518
192,299,459,283,274,339,280,491,282,272,14533
175,278,473,274,280,349,279,495,272,281,14550
178,256,464,283,275,333,295,493,283,275,14566
261,279,433,275,279,347,274,495,274,278,14581
307,291,390,283,273,337,287,488,280,274,14598
180,187,504,277,278,345,280,492,275,279,14614
232,296,439,276,281,346,280,499,274,281,14629
263,209,455,275,281,340,289,494,272,281,14646
291,222,447,278,279,329,293,486,275,281,14662
256,242,472,286,272,342,296,484,285,270,14678
220,248,486,276,282,346,280,501,273,283,14694
222,291,447,275,279,346,276,498,274,278,14710
220,192,466,280,276,342,285,491,278,275,14726
340,188,423,285,271,335,295,476,283,271,14742
185,259,470,283,276,339,300,488,281,275,14758
257,269,440,275,280,344,298,491,272,281,14774
217,177,493,285,271,342,292,485,283,271,14790
260,198,453,285,271,338,287,491,284,271,14807
213,222,489,276,281,335,300,487,273,281,14822
254,213,473,286,271,330,295,491,284,269,14838
204,245,479,275,279,331,293,499,272,280,14855
345,171,443,283,272,331,310,480,281,272,14870
238,238,469,283,276,309,313,487,281,276,14886
289,243,432,281,274,339,290,495,279,274,14903
199,206,494,274,279,348,279,497,272,280,14918
380,183,400,274,281,345,276,499,272,280,14935
352,152,451,285,275,331,299,491,283,274,14951
218,199,464,284,272,338,300,486,283,271,14967
159,207,509,275,279,336,297,496,273,279,14983
301,190,433,276,281,339,298,491,273,282,14999
314,214,448,283,276,339,288,498,283,274,15015
368,190,392,276,281,331,327,480,273,281,15031
215,110,580,284,273,316,449,436,290,279,15047
342,264,390,275,279,338,597,407,290,305,15064
503,44,461,289,274,424,641,435,303,339,15079
259,189,436,287,272,490,535,410,297,359,15095
259,158,457,286,275,494,439,292,299,363,15112
270,144,493,273,278,491,345,166,316,371,15127
263,159,489,283,287,475,1,147,332,377,15143
243,194,459,275,283,462,0,268,335,341,15159
229,197,424,274,282,521,30,353,332,304,15175
227,183,385,276,291,553,260,343,336,295,15192
219,156,377,280,285,551,257,387,333,303,15207
226,48,389,271,288,531,232,355,325,293,15223
240,99,368,269,287,536,291,363,323,298,15240
297,200,240,277,280,513,324,379,307,304,15255
240,159,336,280,283,565,234,268,309,300,15271
221,136,347,279,281,471,254,328,303,296,15288
237,132,334,271,283,472,261,299,307,283,15303
256,135,316,276,286,507,207,307,294,279,15320
258,132,328,283,283,526,103,312,288,271,15336
279,136,319,279,274,549,0,320,289,250,15351
282,154,319,272,279,628,0,295,283,195,15368
280,138,328,274,278,650,0,236,285,171,15384
245,184,309,284,280,655,4,191,284,177,15399
242,209,305,279,282,653,64,73,279,169,15416
247,232,275,281,281,652,355,0,267,168,15431
268,1,299,279,276,653,433,201,274,169,15448
274,1,323,284,271,613,654,369,266,183,15464
311,0,341,284,263,327,658,293,249,241,15479
293,62,340,283,266,218,569,194,267,270,15496
279,177,317,283,269,232,590,210,287,294,15512
277,177,335,284,277,312,473,259,307,322,15528
267,124,324,284,275,406,415,263,307,336,15544
274,88,316,281,270,501,303,367,298,353,15560
285,111,300,284,274,496,131,349,283,348,15577
279,117,301,278,278,496,55,354,278,358,15592
254,79,317,283,282,472,0,318,273,349,15608
249,108,306,281,276,487,3,376,257,322,15625
248,141,325,286,282,460,0,399,258,307,15640
271,157,334,290,284,441,3,327,253,280,15656
244,122,357,283,276,473,3,297,234,238,15672
263,122,353,289,277,474,145,268,235,219,15688
220,117,343,288,278,464,228,287,248,224,15705
273,148,399,285,279,396,247,254,266,247,15721
239,125,407,277,271,370,286,310,263,252,15736
241,121,433,284,277,351,345,383,275,271,15753
265,115,432,281,274,366,291,416,278,288,15769
247,148,416,281,275,349,246,496,279,298,15784
251,163,414,284,277,322,216,441,270,284,15801
223,175,441,283,271,349,305,486,264,286,15816
253,193,429,285,276,333,306,479,267,286,15833
231,239,438,280,270,335,304,471,268,286,15848
243,243,454,274,272,337,290,472,279,290,15864
256,218,473,284,276,334,290,493,271,280,15881
253,208,467,274,271,354,279,499,279,288,15896
246,227,485,283,276,358,272,505,271,277,15912
213,264,448,282,273,350,284,514,270,279,15929
255,211,474,274,272,348,305,498,276,280,15944
238,216,484,284,274,341,309,486,270,276,15961
261,207,472,283,278,350,293,488,271,275,15977
214,257,455,279,271,343,288,492,275,282,15992
211,256,454,276,272,348,297,489,278,282,16009
224,249,456,276,279,343,302,477,281,272,16025
259,198,475,275,278,347,302,478,281,273,16040
267,206,482,284,275,344,306,480,271,277,16057
225,225,474,276,280,346,319,472,282,274,16073
215,263,449,280,273,345,291,500,278,286,16089
251,223,479,280,281,356,264,495,276,272,16105
206,247,476,280,281,352,294,483,276,271,16121
263,204,470,277,274,343,299,490,280,281,16137
286,182,481,282,280,344,288,481,274,270,16153
221,204,490,284,278,337,306,487,271,272,16169
239,217,470,282,280,348,308,476,276,271,16185
268,176,483,274,275,353,295,492,285,278,16201
252,207,479,277,280,350,282,488,281,272,16218
266,167,500,280,281,356,286,487,278,270,16233
249,217,472,274,273,344,298,493,281,280,16249
251,209,472,276,279,347,300,486,283,273,16266
205,221,477,278,280,352,291,486,279,270,16281
230,217,469,283,280,344,295,485,274,273,16297
210,247,462,279,272,341,294,494,280,282,16314
196,256,466,284,274,347,288,498,274,281,16329
284,178,486,274,274,346,292,497,281,280,16346
230,228,474,282,280,344,296,483,273,272,16362
277,195,482,275,275,343,301,483,284,277,16377
265,215,470,275,275,351,291,494,284,278,16394
251,216,472,280,281,344,283,490,275,273,16410
224,250,460,285,276,340,293,488,272,275,16425
204,243,463,274,275,342,300,486,283,276,16442
262,184,494,284,274,340,276,496,273,278,16458
247,208,483,284,279,347,287,484,273,273,16475
237,191,497,280,280,350,303,484,280,281,16490
209,259,453,285,277,345,294,494,272,275,16506
225,231,468,284,277,344,305,489,272,276,16523
267,189,488,274,275,342,301,487,284,275,16538
240,236,471,285,278,346,289,492,272,274,16555
264,189,482,284,280,349,299,493,273,275,16571
241,218,473,275,279,345,308,485,284,273,16586
263,200,477,275,277,343,286,489,284,274,16603
287,187,482,276,273,349,273,505,282,278,16619
239,237,450,275,275,347,304,493,283,276,16634
264,192,483,280,281,340,301,483,276,271,16651
205,236,459,279,280,351,301,485,278,272,16667
214,233,462,285,277,342,292,490,272,279,16683
266,212,463,280,281,348,299,483,277,272,16699
260,199,489,285,274,347,282,489,274,280,16715
259,223,460,275,277,346,284,495,285,274,16731
277,195,478,278,272,341,297,498,282,280,16747
261,194,486,283,272,341,298,495,276,281,16763
215,228,469,279,281,347,286,488,275,271,16779
213,233,479,285,276,348,282,498,272,278,16795
217,255,470,278,274,336,304,497,282,279,16812
214,248,451,275,276,343,309,491,284,274,16827
249,198,476,275,278,345,304,489,282,271,16843
215,235,467,279,272,339,300,496,281,281,16860
274,192,480,282,272,337,301,491,278,282,16875
276,179,489,276,277,347,296,491,283,274,16891
275,189,496,275,275,343,286,499,284,277,16908
194,282,414,275,278,348,297,485,283,272,16923
216,229,473,281,271,342,294,496,279,281,16940
270,187,485,284,279,343,289,492,272,276,16956
269,197,472,275,277,346,304,489,283,274,16971
209,243,465,285,275,342,292,493,273,280,16988
202,249,453,278,281,353,301,485,279,271,17004
305,118,538,277,272,352,290,498,281,281,17020
173,251,462,284,279,351,283,491,272,275,17036
263,183,502,278,272,340,298,492,281,280,17052
210,231,471,277,280,349,295,481,280,271,17069
212,254,451,284,275,342,289,497,273,278,17084
255,199,485,275,275,346,303,493,283,278,17100
247,211,484,283,272,336,307,493,277,282,17117
186,259,453,278,281,348,298,488,281,271,17132
312,153,505,286,276,342,291,493,273,280,17148
218,222,483,285,278,349,284,489,272,277,17165
178,253,459,278,272,342,295,495,280,281,17180
237,216,470,283,280,350,292,485,272,275,17197
261,204,480,280,280,350,289,484,275,272,17213
226,243,457,275,273,339,302,489,283,277,17228
197,230,459,279,280,349,290,481,278,271,17245
260,195,474,275,277,337,301,481,283,273,17261
201,240,451,275,278,343,302,487,283,273,17276
241,203,481,280,281,351,297,482,277,271,17293
237,204,493,284,279,344,294,489,272,276,17309
204,253,448,283,279,352,291,492,272,274,17325
188,240,469,277,279,347,295,487,280,271,17341
243,224,470,276,274,345,306,493,285,278,17357
224,240,461,279,280,339,294,502,276,271,17373
222,222,463,279,280,353,300,488,277,270,17389
307,150,514,274,274,346,302,494,283,276,17405
309,139,514,277,272,337,300,499,281,279,17421
188,246,460,279,281,348,301,486,277,272,17437
288,184,483,277,281,350,302,487,279,272,17454
343,141,510,275,275,348,305,496,283,278,17469
208,250,469,284,280,352,289,491,272,275,17485
261,202,471,274,275,343,302,495,284,276,17502
226,236,456,276,279,345,301,483,282,272,17518
286,129,526,285,279,343,289,483,285,277,17533
179,274,442,274,277,342,297,492,285,276,17550
278,177,475,279,281,351,292,484,277,272,17566
281,181,495,277,281,353,298,487,281,271,17582
181,289,432,274,276,341,304,488,284,275,17598
199,262,439,275,277,347,305,490,284,274,17614
278,205,477,275,274,347,302,492,283,279,17630
166,282,446,275,275,343,295,493,284,277,17646
221,240,469,277,273,337,300,492,282,280,17662
220,224,476,275,276,339,308,487,284,276,17678
194,281,445,282,272,341,293,497,278,280,17694
183,300,464,277,279,351,319,492,283,268,17711
242,342,442,277,274,342,350,485,285,272,17726
268,292,448,279,274,334,448,460,285,272,17742
203,326,402,276,279,335,539,399,295,279,17759
207,303,382,281,282,357,538,318,306,301,17774
256,153,384,276,275,457,359,433,303,324,17790
269,102,396,274,276,428,320,333,302,328,17807
253,86,395,279,277,409,331,187,297,326,17822
261,37,422,276,280,460,162,224,320,342,17839
255,42,423,278,281,494,127,309,312,331,17854
248,68,395,274,277,506,0,328,307,330,17870
260,131,379,271,277,483,0,324,303,318,17886
244,137,375,278,284,473,74,314,306,299,17902
276,70,390,273,275,480,143,324,300,294,17918
236,97,354,271,279,489,265,341,305,291,17934
245,83,348,280,276,457,344,359,291,297,17950
245,81,359,272,275,473,272,345,294,309,17966
250,122,356,276,282,509,190,324,295,300,17982
278,97,353,280,276,476,295,318,282,297,17998
221,132,348,281,281,434,334,298,286,299,18015
249,109,349,273,279,453,128,306,297,307,18030
300,54,363,272,277,528,4,356,290,283,18046
269,135,338,283,281,617,0,364,276,226,18062
259,143,319,282,277,611,2,321,270,187,18078
247,165,352,285,281,563,5,227,280,179,18095
280,276,323,284,283,655,0,42,291,179,18110
249,183,358,287,285,658,71,18,298,179,18126
274,63,321,286,283,649,197,143,284,174,18143
261,19,319,277,273,651,552,346,269,168,18158
291,0,290,287,275,382,660,221,271,212,18174
295,16,348,286,275,298,651,212,296,303,18191
272,98,355,285,274,443,658,32,326,374,18206
246,162,340,275,266,658,547,165,321,377,18223
246,163,294,277,270,654,284,259,307,382,18239
282,160,297,285,277,660,164,209,289,382,18254
254,176,356,273,272,658,41,97,268,383,18271
285,131,365,283,282,379,3,6,289,388,18287
355,18,368,280,277,497,0,598,300,307,18302
185,263,256,281,276,400,105,241,281,270,18319
268,21,349,273,278,458,580,286,291,277,18335
235,106,284,277,282,512,341,332,291,291,18351
277,88,311,284,278,492,85,356,265,285,18367
241,110,316,276,276,565,4,395,272,266,18383
263,109,320,281,279,636,0,499,242,212,18399
274,72,331,280,275,645,4,479,218,170,18415
230,74,329,278,275,659,2,272,212,169,18430
160,200,308,284,290,650,0,0,225,174,18447
174,299,335,282,288,652,224,0,246,180,18462
239,130,316,279,278,649,393,104,241,169,18479
265,2,361,286,282,554,433,197,263,177,18495
241,54,362,286,278,320,650,216,276,226,18510
361,6,417,287,271,223,648,239,289,277,18527
303,62,396,285,272,266,310,280,304,301,18543
265,79,393,275,268,416,236,494,317,315,18558
243,159,344,280,267,372,124,432,298,321,18575
229,179,321,280,268,415,167,541,293,318,18591
382,40,378,276,269,405,155,532,284,310,18608
157,1,598,282,275,380,151,465,265,296,18623
191,29,613,274,274,372,196,458,274,285,18639
548,48,343,280,278,365,148,442,262,287,18655
200,207,396,278,280,356,172,439,263,278,18671
349,77,416,283,277,349,220,443,263,283,18688
140,236,353,281,271,330,222,428,275,286,18703
2,256,444,282,270,329,193,435,275,290,18719
50,280,367,284,270,338,194,461,274,292,18735
82,293,359,284,270,337,241,452,275,293,18751
47,413,309,284,271,342,251,468,274,295,18767
150,422,261,277,271,342,234,491,280,287,18783
147,356,360,282,269,352,210,496,277,290,18799
114,340,406,283,274,349,234,483,266,287,18814
273,1,582,274,273,326,268,478,277,277,18831
311,305,328,283,267,330,287,458,275,284,18847
73,134,629,275,277,326,308,463,274,279,18863
257,30,609,278,269,337,287,490,282,280,18879
408,306,289,283,274,344,284,490,272,284,18894
35,385,468,286,269,342,285,489,276,283,18911
1,350,523,279,277,338,305,466,271,277,18927
471,272,290,280,277,334,322,470,271,277,18942
293,89,589,275,274,332,340,487,279,268,18959
356,51,577,276,277,341,352,487,278,269,18975
252,368,319,283,269,346,332,490,281,275,18991
293,0,656,282,270,348,343,494,281,276,19007
291,94,609,283,270,341,349,487,281,277,19022
261,446,278,275,273,331,350,490,282,270,19039
3,431,456,285,274,346,338,490,274,280,19055
43,178,646,278,272,346,342,505,284,272,19070
40,243,599,281,278,341,351,493,271,280,19087
302,45,560,275,276,331,347,491,279,272,19102
501,208,326,282,276,329,347,471,271,282,19119
479,187,356,275,277,324,349,476,281,272,19135
234,147,594,275,276,339,337,493,285,272,19150
65,361,515,280,273,342,331,498,285,274,19167
169,506,278,279,281,352,347,498,273,278,19183
374,81,570,277,273,347,335,510,285,273,19198
521,72,451,284,273,349,334,498,281,277,19215
501,233,338,285,278,345,348,486,272,279,19231
152,200,566,284,271,341,345,491,278,279,19247
317,52,626,274,278,337,340,492,279,271,19263
215,384,330,280,280,339,321,483,272,275,19279
329,21,642,275,281,339,327,491,275,272,19295
477,94,442,283,272,344,325,494,282,276,19311
353,363,277,282,272,351,326,499,283,276,19328
255,435,280,281,280,344,332,487,272,279,19343
335,14,594,275,281,338,318,494,277,272,19359
482,230,319,282,280,346,324,486,273,277,19376
351,53,526,285,274,354,317,499,279,273,19391
138,104,641,283,277,352,312,493,274,282,19407
263,396,316,276,274,333,333,494,283,270,19423
246,52,628,284,273,337,340,481,275,280,19439
88,472,385,276,279,340,322,492,281,271,19456
277,24,631,279,273,348,300,500,283,271,19471
456,16,528,275,277,336,324,494,282,269,19487
342,4,604,277,274,341,318,500,284,272,19503
171,75,632,278,282,341,328,491,274,275,19519
534,126,379,285,274,345,326,485,276,280,19535
262,379,328,282,278,343,338,483,273,281,19551
94,258,556,276,280,336,328,485,273,276,19567
355,235,424,275,280,334,327,489,282,273,19584
37,324,541,277,281,335,336,487,277,275,19599
456,103,448,275,280,337,321,494,280,272,19615
132,220,566,284,280,347,307,492,274,280,19632
384,99,473,284,280,345,323,486,274,281,19647
150,111,632,274,278,343,317,496,281,270,19663
278,0,655,281,272,340,316,498,283,271,19679
510,200,328,282,273,339,320,495,283,274,19695
384,358,286,282,274,337,329,497,286,275,19712
512,81,437,276,281,338,324,492,274,276,19727
516,137,389,279,280,345,320,487,272,278,19743
73,156,643,273,278,336,322,494,281,271,19760
235,363,383,277,276,340,311,499,285,273,19775
131,75,658,279,274,346,307,502,284,273,19791
205,12,659,280,273,340,316,496,284,274,19808
111,85,650,279,280,340,320,484,272,277,19823
383,32,535,284,273,341,312,493,283,280,19840
207,67,593,276,280,336,330,481,274,274,19855
427,313,308,278,274,337,304,496,284,272,19871
463,244,310,276,276,339,300,501,284,271,19888
62,161,649,278,276,339,323,497,285,273,19903
55,168,643,279,281,334,335,477,272,279,19919
48,439,392,275,276,335,306,492,284,270,19936
216,87,639,285,273,348,300,490,278,279,19951
260,3,652,285,278,346,326,491,276,281,19968
170,325,392,285,275,350,320,500,276,281,19983
4,348,505,285,272,351,311,499,277,282,19999
331,17,644,285,273,347,319,492,276,282,20016
179,37,663,276,280,338,329,492,281,273,20031
61,380,424,277,281,342,329,490,276,274,20047
424,193,369,278,282,341,322,488,272,277,20064
257,76,629,283,272,346,306,490,279,280,20079
259,113,596,286,274,352,309,494,278,282,20096
104,260,521,284,278,353,303,499,273,280,20112
286,172,524,275,276,340,316,500,283,272,20127
268,412,284,285,272,349,314,487,277,281,20144
275,7,654,276,280,340,322,494,281,272,20159
298,138,536,274,280,341,314,493,281,271,20175
422,169,390,279,274,337,318,495,283,276,20192
76,186,589,275,275,339,314,496,284,272,20207
360,133,494,279,274,346,304,501,285,277,20224
152,403,346,281,279,345,319,485,271,278,20240
103,376,397,285,275,342,312,501,274,283,20255
98,354,426,274,278,336,309,499,281,282,20272
365,121,508,285,278,345,324,489,275,281,20288
231,92,614,284,271,340,319,490,279,279,20303
416,0,612,284,273,344,308,493,278,281,20320
146,289,460,277,275,341,306,501,283,271,20336
286,176,509,282,280,345,319,491,272,280,20352
334,156,512,274,278,334,318,494,282,271,20368
133,304,453,275,275,340,305,500,284,271,20384
305,158,510,277,274,333,316,496,285,272,20400
293,177,505,283,277,339,318,482,275,282,20416
134,332,420,275,280,335,316,489,279,272,20432
284,188,482,280,272,347,307,499,283,277,20448
176,301,427,274,279,339,314,498,278,272,20464
57,303,505,274,280,339,314,494,280,272,20480
350,133,509,285,276,350,312,490,274,281,20496
336,162,493,281,272,348,312,502,284,278,20512
255,288,413,274,276,341,313,498,284,271,20529
372,86,537,280,272,339,314,496,283,276,20544
189,321,409,276,275,341,320,494,284,272,20560
353,116,516,276,275,339,308,496,284,272,20576
226,164,554,275,279,339,317,493,280,272,20592
82,295,487,275,281,341,316,492,277,273,20609
256,151,552,283,279,342,313,489,272,278,20624
390,96,522,277,273,341,309,500,283,277,20640
313,130,536,277,274,334,315,496,284,273,20657
306,147,520,278,281,343,314,484,274,275,20672
204,160,563,284,272,345,307,494,280,280,20688
109,280,486,284,276,342,302,486,273,281,20705
249,247,449,275,279,338,315,489,279,270,20720
416,43,549,281,280,344,319,485,273,278,20737
322,0,658,274,278,341,322,494,281,272,20752
74,506,334,277,282,341,318,490,274,273,20768
111,300,466,280,279,342,313,486,271,278,20785
69,509,327,280,272,343,306,499,283,274,20800
98,279,505,277,280,336,324,486,276,272,20816
147,146,608,284,273,349,313,489,276,282,20833
63,387,407,275,279,345,320,495,280,271,20848
253,377,322,275,275,339,310,495,284,272,20865
266,71,628,284,272,347,306,492,278,280,20881
46,331,469,276,272,343,315,491,281,278,20896
244,10,652,277,281,342,320,489,272,277,20913
234,294,397,280,273,346,306,496,284,276,20929
519,168,343,275,276,341,312,497,284,272,20944
74,339,450,279,273,337,307,498,284,274,20961
16,383,459,281,280,341,309,483,272,278,20976
10,410,420,279,274,343,297,502,283,275,20993
74,294,503,280,274,340,309,501,283,275,21009
364,0,628,285,272,347,317,492,281,279,21024
303,0,656,278,273,341,314,495,283,273,21041
72,145,649,276,280,343,310,486,274,276,21056
5,442,416,285,272,344,304,491,279,280,21072
435,0,596,274,278,346,313,497,280,272,21089
123,182,589,284,272,347,305,494,283,277,21104
508,83,429,285,274,345,321,491,277,280,21121
468,0,551,283,272,346,309,494,283,275,21136
110,438,333,280,280,343,322,482,273,276,21152
93,508,322,277,281,341,316,486,273,277,21169
388,3,633,283,272,343,309,492,281,280,21184
102,376,446,283,272,343,311,494,282,278,21200
324,369,305,276,281,337,327,481,273,278,21217
78,512,344,284,277,340,326,480,275,283,21232
305,379,298,276,280,330,329,482,278,276,21249
31,515,350,276,276,334,341,479,285,275,21265
228,368,325,278,281,330,379,466,275,279,21280
16,451,403,277,277,316,422,459,286,280,21297
352,207,436,277,279,321,425,432,289,285,21313
252,225,507,278,275,312,410,431,296,293,21328
156,326,446,285,274,325,381,420,294,299,21345
241,290,436,277,278,344,346,394,303,297,21361
200,302,442,287,284,389,243,418,296,291,21377
337,261,465,278,280,432,78,454,309,279,21393
239,426,402,278,281,483,1,528,304,259,21408
262,463,337,287,288,517,0,571,288,224,21425
276,365,293,277,280,526,2,568,281,195,21441
264,102,276,283,285,510,62,556,292,180,21456
283,9,272,279,276,514,185,597,278,169,21473
301,4,298,280,274,510,141,592,268,183,21488
256,0,390,279,272,456,88,483,264,205,21505
222,40,389,270,264,380,152,361,251,201,21520
275,78,379,281,270,356,191,393,264,211,21536
258,12,358,278,268,317,287,428,264,220,21553
263,3,356,276,270,264,280,431,265,232,21568
244,89,337,269,267,217,282,371,266,242,21584
251,72,334,269,268,196,282,318,268,248,21601
246,65,334,275,271,188,310,334,265,247,21616
243,92,319,275,272,157,315,319,265,251,21633
228,95,318,274,274,151,323,316,271,258,21649
208,122,321,276,269,150,280,304,264,264,21664
207,164,275,273,265,167,251,321,269,271,21681
187,138,280,269,270,149,278,301,277,277,21697
230,111,325,276,276,169,265,310,276,268,21713
184,173,280,280,276,159,267,313,274,270,21729
261,102,317,276,276,167,277,327,282,271,21745
245,114,327,277,277,174,230,323,281,272,21762
253,108,314,275,270,171,207,349,282,281,21777
223,151,309,283,270,165,232,352,275,279,21793
268,91,318,277,279,170,262,342,283,271,21810
233,111,305,274,272,175,259,366,285,279,21825
239,120,329,277,277,185,243,368,283,273,21841
238,104,333,278,279,185,210,358,281,271,21858
180,163,312,285,274,165,208,349,271,276,21874
249,88,350,277,278,168,254,353,283,274,21890
222,127,311,275,274,174,263,359,282,281,21906
170,180,298,285,277,167,246,353,272,275,21922
209,116,326,276,278,184,200,361,284,275,21938
220,124,321,278,281,184,199,365,282,272,21954
227,119,330,276,278,171,244,360,283,274,21970
241,87,347,276,277,167,252,352,284,278,21986
62,208,298,275,276,179,222,366,285,280,22002
298,43,360,286,277,187,221,376,272,272,22018
200,129,320,274,274,180,215,367,282,280,22034
213,130,329,274,276,165,234,353,283,278,22050
225,129,311,283,275,158,244,367,273,277,22067
185,187,278,283,280,165,228,356,274,270,22082
253,98,350,285,277,170,215,363,272,274,22098
176,144,308,276,273,172,231,360,280,280,22115
265,71,339,277,274,174,258,355,280,280,22130
180,174,282,284,282,162,278,338,274,272,22147
157,163,272,276,276,162,312,320,280,286,22163
251,59,352,283,284,135,322,283,282,281,22178
197,140,319,281,281,130,355,250,290,295,22195
198,113,307,289,280,138,416,287,283,295,22211
213,99,319,286,285,160,435,311,298,316,22226
242,72,334,284,281,230,398,339,286,322,22243
219,52,344,293,290,285,332,352,298,348,22258
223,59,344,289,287,322,239,352,296,359,22275
224,94,358,292,288,356,177,364,301,368,22291
214,89,344,287,282,397,153,402,299,365,22306
253,118,341,293,284,445,156,464,299,358,22323
259,107,338,289,283,460,100,504,297,354,22339
263,134,369,287,276,456,56,513,282,331,22354
240,188,373,292,281,428,100,511,281,317,22371
231,200,395,291,281,404,148,490,280,310,22387
262,128,439,281,282,405,141,466,291,312,22403
286,84,452,287,279,427,178,507,276,303,22419
264,101,453,287,278,439,194,522,273,299,22434
213,168,433,279,279,469,225,590,275,299,22451
282,186,447,285,277,424,203,525,264,298,22467
309,182,460,277,278,414,239,509,268,288,22482
284,234,437,280,279,406,265,498,264,285,22499
341,157,500,281,276,402,277,511,262,283,22515
234,301,422,279,279,389,280,492,272,286,22531
314,160,555,273,271,368,282,488,272,280,22547
245,341,394,279,270,358,286,482,271,277,22562
279,186,528,279,279,371,309,477,265,267,22579
335,70,606,284,272,359,312,487,266,276,22595
166,429,337,278,280,352,332,464,265,272,22610
257,143,583,284,273,347,309,460,269,279,22627
23,249,617,282,270,347,289,476,278,276,22643
134,354,421,280,271,346,306,483,279,274,22659
118,152,639,276,275,345,326,491,281,270,22675
399,56,529,281,279,347,335,479,269,276,22691
445,38,533,285,273,349,315,483,277,278,22707
317,103,578,278,271,340,314,483,280,275,22723
72,191,640,284,271,352,314,485,279,276,22739
412,13,601,275,275,347,320,492,281,269,22755
14,336,537,276,276,348,314,498,283,272,22771
395,353,277,280,280,351,309,493,271,278,22788
509,213,329,279,280,345,324,484,272,275,22803
161,464,348,276,275,348,310,501,282,271,22819
354,38,571,274,277,341,307,495,280,270,22835
133,72,657,280,274,342,310,492,282,272,22851
345,4,633,281,279,351,312,488,270,278,22867
469,35,521,274,277,341,320,500,279,270,22883
163,247,513,279,273,341,320,494,282,277,22899
30,540,358,277,281,337,307,485,272,275,22916
366,14,636,282,278,348,308,487,283,269,22931
146,91,648,283,276,353,322,487,275,279,22947
319,0,650,282,271,339,320,487,281,275,22963
87,443,351,283,272,344,298,493,280,280,22979
494,62,468,274,280,340,310,492,277,274,22995
13,480,417,284,273,354,291,487,277,283,23011
468,279,294,280,274,356,271,505,283,273,23027
317,273,401,275,281,348,306,493,273,273,23043
242,449,288,277,273,341,310,494,282,270,23059
445,16,535,274,280,332,318,485,276,272,23075
356,1,644,275,281,337,316,489,272,276,23091
218,20,657,275,278,341,307,495,283,271,23107
314,107,565,285,274,342,303,486,277,283,23123
525,110,397,283,273,344,298,494,281,278,23139
33,311,555,279,281,339,293,480,271,279,23155
526,102,421,281,273,343,301,492,284,274,23172
134,318,496,285,272,351,298,493,280,278,23187
377,349,289,275,281,340,308,489,276,272,23203
318,5,603,276,276,338,312,487,283,271,23219
362,71,512,276,280,338,303,485,275,274,23235
157,70,649,283,279,346,296,482,272,280,23251
528,156,366,278,274,342,292,499,285,270,23267
495,193,337,284,276,345,307,483,275,281,23283
140,71,650,280,279,345,290,488,272,278,23300
38,406,479,285,272,350,298,492,278,279,23315
450,83,464,276,275,345,309,496,284,271,23331
310,395,303,276,275,345,299,500,284,271,23347
508,126,399,278,281,343,299,491,271,277,23363
518,168,358,275,281,338,299,490,273,274,23379
236,281,440,279,280,340,317,485,272,276,23395
511,157,359,276,282,342,305,487,274,276,23411
331,0,638,282,272,350,297,497,282,278,23428
404,224,368,283,276,346,295,491,273,281,23443
383,221,390,284,273,345,293,488,279,280,23459
288,379,323,281,279,346,303,484,271,279,23476
138,369,434,284,272,351,295,492,281,278,23491
196,358,424,283,273,346,296,502,282,277,23507
81,252,558,284,276,348,302,480,276,281,23524
151,301,494,275,276,341,300,492,283,272,23539
340,124,485,283,272,343,290,493,284,277,23556
382,281,381,279,283,340,303,490,274,277,23572
162,159,577,278,275,342,291,499,284,272,23587
121,317,485,282,272,343,296,499,283,274,23604
283,361,354,281,272,342,300,499,283,277,23620
214,360,405,287,273,351,302,496,279,283,23635
428,194,383,281,278,345,306,483,273,281,23652
351,370,295,279,273,346,297,491,284,274,23668
421,315,285,274,279,339,296,496,278,273,23684
491,19,524,285,273,352,292,496,283,278,23700
474,262,293,283,277,349,301,483,274,281,23716
193,51,648,283,278,346,309,486,273,280,23732
267,7,649,284,275,343,304,486,277,282,23748
285,0,636,283,274,345,293,500,285,275,23763
47,336,479,275,275,344,297,499,284,272,23780
168,351,384,283,272,350,288,498,283,276,23796
215,128,591,285,275,352,296,493,276,281,23812
390,119,492,277,276,343,307,500,285,282,23828
71,301,500,280,279,347,308,483,272,282,23844
161,488,297,274,278,342,296,498,280,271,23860
122,388,369,285,274,352,294,490,275,281,23876
86,436,368,279,282,344,308,485,273,277,23892
220,99,634,277,281,340,306,484,272,280,23908
336,4,646,281,278,344,305,487,274,281,23924
303,215,466,278,280,339,309,482,272,278,23940
479,59,478,280,281,338,309,482,274,283,23956
61,352,457,275,278,343,293,494,283,272,23972
112,188,582,280,281,350,298,480,272,278,23988
292,235,425,279,281,342,307,480,272,278,24004
279,407,300,285,279,346,303,486,275,282,24020
320,0,656,276,280,339,309,484,272,278,24036
455,273,291,277,275,342,294,493,284,272,24052
66,515,321,283,273,346,295,493,284,275,24069
435,33,528,282,274,338,296,492,287,275,24084
487,142,400,283,272,341,301,491,284,274,24100
114,268,505,280,279,341,308,482,272,279,24117
217,333,375,280,273,339,302,494,285,273,24132
109,203,585,287,279,347,306,482,276,284,24148
109,93,656,277,275,348,309,496,285,272,24164
172,331,420,285,273,353,300,491,279,281,24180
288,174,527,282,279,355,305,490,274,281,24197
156,114,649,287,274,358,299,497,282,282,24212
259,252,463,276,281,349,296,500,277,274,24228
268,132,568,283,272,357,296,505,282,279,24245
295,167,528,280,280,352,314,489,271,278,24260
57,370,450,286,275,354,300,496,276,283,24276
338,286,359,283,272,357,289,500,282,277,24293
13,486,388,285,274,353,295,494,276,282,24308
358,119,543,282,272,353,291,500,280,280,24325
149,391,360,277,281,346,313,496,276,274,24341
339,126,533,274,279,352,296,492,279,271,24356
196,369,358,284,273,351,294,491,277,280,24373
44,495,388,280,273,345,296,494,283,272,24389
216,116,620,286,273,353,300,490,280,283,24404
522,171,349,277,281,345,300,488,271,279,24421
195,174,577,277,281,347,309,483,272,276,24437
88,136,653,282,272,347,298,488,284,276,24453
313,161,523,277,282,347,307,488,275,276,24469
116,198,602,279,274,348,297,494,283,270,24485
183,172,569,285,274,352,303,487,274,281,24501
334,20,576,284,272,347,300,486,280,279,24517
45,507,349,285,273,352,302,490,281,281,24534
141,158,620,277,276,345,299,492,284,272,24549
242,150,569,284,272,346,291,493,281,279,24565
481,212,329,276,276,346,301,489,283,270,24582
358,156,496,280,282,344,308,477,274,279,24597
344,119,527,284,272,343,295,485,282,277,24613
273,255,410,278,274,343,290,495,284,273,24630
329,13,593,285,274,344,272,484,273,285,24645
353,8,545,277,274,328,233,485,281,285,24662
205,166,388,273,272,307,263,447,277,293,24677
325,18,478,275,276,318,296,431,266,306,24693
230,102,413,278,270,309,303,436,263,316,24710
238,130,460,279,266,292,342,410,268,317,24725
61,474,261,275,269,300,438,399,269,308,24741
67,658,180,270,270,303,473,410,272,301,24758
154,383,544,279,267,346,487,451,274,302,24773
282,562,328,276,274,360,469,456,270,284,24790
197,388,511,277,267,328,438,435,276,276,24806
332,428,376,278,274,320,472,383,264,276,24821
145,405,485,274,273,299,521,359,274,270,24838
228,516,302,272,274,294,633,320,278,279,24853
318,367,411,282,269,285,652,289,279,319,24869
228,458,355,283,273,422,655,292,289,361,24885
224,395,348,277,266,656,659,435,280,387,24901
231,364,350,285,266,654,659,267,242,386,24918
341,402,457,275,275,658,122,35,262,388,24933
327,356,508,280,280,386,0,240,265,380,24949
301,458,432,275,283,211,3,343,274,353,24965
380,491,412,279,279,212,0,371,271,298,24981
421,441,228,280,275,214,283,351,284,277,24996
99,645,240,275,281,238,171,433,276,278,25013
260,562,232,275,278,250,0,448,274,262,25028
208,550,365,281,282,272,0,402,267,230,25044
244,460,383,283,280,228,3,370,268,188,25060
253,408,407,273,277,273,0,379,284,180,25076
264,330,417,273,275,442,106,346,283,179,25092
237,439,401,279,274,638,257,212,276,175,25108
157,451,388,281,274,647,656,221,270,174,25124
223,445,366,276,279,434,657,289,278,195,25140
276,294,490,282,281,304,656,323,266,226,25156
138,415,414,278,276,236,656,317,284,241,25171
326,450,407,281,276,278,519,361,288,248,25188
545,292,297,284,280,306,463,391,277,267,25204
301,165,606,284,282,307,411,410,274,264,25220
322,406,414,276,280,285,431,405,282,256,25236
186,344,543,280,284,290,506,394,278,255,25251
113,495,434,277,282,287,557,402,287,254,25268
177,446,431,277,283,307,490,414,288,253,25283
125,399,424,282,286,318,418,448,277,255,25299
166,387,393,285,277,315,381,466,279,259,25315
272,297,470,279,284,311,460,436,282,251,25331
283,306,458,280,278,298,524,433,283,265,25348
226,141,630,277,284,304,458,431,285,261,25363
70,620,311,284,285,332,355,459,281,264,25379
13,372,564,285,278,357,294,539,282,264,25396
239,245,486,277,284,361,338,523,282,251,25411
242,249,482,285,278,338,417,506,270,260,25427
105,315,443,275,280,325,404,474,280,261,25444
246,224,463,276,284,327,359,461,278,259,25459
255,159,509,282,284,324,313,472,272,266,25476
276,120,528,282,276,326,297,485,278,275,25492
376,176,366,278,276,322,288,493,281,276,25507
150,180,537,274,277,321,290,482,282,271,25524
111,234,519,274,281,321,289,473,279,268,25540
162,422,325,284,273,329,280,469,280,277,25555
51,140,641,274,281,320,285,478,273,276,25572
409,242,387,282,277,333,294,482,274,282,25587
289,4,647,285,273,330,294,481,280,281,25604
67,359,427,279,281,333,285,482,273,280,25620
501,193,328,279,275,338,272,495,283,270,25635
399,165,393,279,275,345,280,496,283,271,25652
119,60,655,281,278,338,306,483,274,281,25668
516,154,346,277,281,330,297,493,273,279,25683
231,34,606,276,280,332,283,491,273,279,25700
143,406,385,281,278,336,291,487,273,281,25716
468,200,336,284,273,334,289,494,284,271,25732
315,14,569,284,272,329,295,494,284,273,25748
239,383,331,283,276,327,305,488,277,281,25764
91,346,478,277,280,330,296,491,271,280,25780
237,40,594,275,277,340,299,500,281,272,25796
350,157,436,283,272,336,297,495,284,272,25811
190,141,560,284,272,342,284,498,284,273,25828
200,195,505,278,279,328,302,496,273,280,25844
222,137,513,279,274,326,310,495,282,271,25861
282,287,407,276,281,328,309,494,272,279,25876
225,124,527,275,280,330,298,491,272,280,25892
210,152,511,285,272,333,300,494,282,276,25909
233,304,438,281,273,342,294,503,285,271,25924
321,162,451,282,275,332,308,487,278,280,25940
90,244,563,274,281,328,288,495,273,277,25957
189,344,433,281,278,333,302,488,282,271,25972
213,265,478,282,276,330,308,488,277,278,25989
184,201,488,281,279,336,297,490,275,280,26005
192,227,514,274,280,341,290,502,275,276,26020
214,177,507,280,278,333,303,486,274,280,26037
297,286,405,284,271,340,302,491,283,273,26053
261,270,457,276,282,330,302,495,272,282,26068
241,268,455,282,273,339,290,497,284,270,26085
357,257,382,285,272,340,297,486,282,275,26101
115,320,476,285,272,333,296,496,282,274,26117
438,178,384,277,277,338,296,500,280,273,26133
296,146,474,283,276,333,310,491,277,280,26149
245,329,392,274,281,336,296,499,273,277,26165
247,178,475,276,280,325,301,491,272,281,26181
350,70,498,274,280,333,293,497,273,279,26198
287,132,479,278,279,332,305,489,274,281,26213
379,127,437,283,274,333,304,488,278,278,26229
266,216,442,276,278,333,303,499,279,274,26246
218,280,469,279,279,326,306,485,274,281,26261
302,40,549,282,276,331,304,487,276,281,26277
190,425,314,284,273,339,286,500,285,271,26294
185,394,369,285,272,332,284,499,283,273,26309
168,163,554,278,276,341,293,498,283,270,26326
130,197,584,277,280,332,294,494,272,281,26342
122,203,559,283,273,340,285,496,285,270,26357
243,302,430,279,280,331,304,489,272,281,26374
485,138,381,278,275,339,296,498,282,272,26390
320,77,517,276,277,335,287,502,280,272,26405
179,138,562,274,281,332,303,500,273,277,26422
240,12,634,283,275,339,307,490,277,280,26437
363,227,382,275,278,338,295,500,278,274,26454
201,252,503,276,280,329,298,492,272,281,26470
195,179,513,281,278,326,304,493,274,283,26485
261,293,438,275,278,341,294,500,278,275,26502
92,363,448,284,272,341,278,498,283,274,26518
450,34,484,274,281,339,284,501,272,279,26533
132,359,430,281,273,334,299,490,283,270,26550
211,56,616,285,272,334,305,490,283,274,26566
328,358,316,276,281,334,294,492,272,281,26582
142,69,645,280,275,328,289,492,282,271,26598
338,131,484,275,280,331,293,501,273,279,26614
147,323,458,276,277,341,299,500,280,273,26630
352,321,358,274,280,337,293,502,275,275,26646
184,339,429,284,275,336,300,488,276,280,26662
351,316,346,276,281,332,299,493,271,280,26678
189,263,485,282,273,337,301,490,283,271,26694
167,292,490,279,280,326,306,483,274,283,26711
235,304,435,274,282,340,289,497,274,277,26726
265,119,500,274,280,342,291,501,275,273,26742
321,286,382,284,274,335,308,490,278,279,26759
297,287,406,285,273,342,290,490,280,276,26774
153,259,510,279,275,344,287,495,283,272,26790
323,351,301,277,277,335,285,497,280,272,26807
231,317,411,283,272,341,294,491,284,272,26822
248,79,552,274,280,332,300,492,273,277,26839
201,297,454,282,273,337,300,488,283,271,26855
152,204,521,285,272,333,304,494,282,274,26870
376,80,478,281,273,339,288,497,283,271,26887
209,95,574,277,276,340,284,498,281,273,26903
254,228,462,284,274,342,281,491,283,271,26918
246,308,430,284,274,334,292,490,280,278,26935
112,218,557,284,272,333,300,486,283,272,26951
175,371,396,277,281,331,304,490,273,281,26967
214,173,496,275,280,333,292,496,272,280,26983
218,307,428,285,272,341,297,489,282,276,26999
163,344,434,285,273,334,299,491,285,272,27015
276,344,359,285,273,334,297,489,281,278,27031
350,219,441,279,279,334,287,493,274,281,27047
197,197,505,279,280,326,298,495,273,281,27063
182,227,474,274,279,337,297,500,274,277,27079
200,166,512,275,281,331,299,495,272,281,27096
285,283,411,285,273,339,301,486,280,276,27111
195,245,490,284,273,336,297,491,281,274,27127
280,168,467,283,276,332,297,488,278,277,27144
175,252,509,284,271,341,298,490,283,273,27159
234,319,419,284,271,334,295,491,282,273,27175
213,371,377,284,272,335,288,488,282,274,27192
333,67,509,285,272,335,306,484,283,273,27207
301,93,513,282,277,331,307,487,276,280,27224
166,308,471,285,272,340,291,491,284,271,27240
101,337,481,277,279,330,293,489,272,282,27255
277,148,480,285,272,336,292,492,284,270,27272
136,133,614,279,275,335,290,494,281,272,27288
367,72,471,281,273,341,283,493,284,271,27303
320,227,404,284,273,339,296,488,281,275,27320
152,252,490,284,274,330,299,485,278,278,27336
350,157,433,285,272,339,297,490,283,272,27352
238,161,497,274,279,342,295,496,274,277,27368
326,107,464,278,280,332,299,489,272,281,27384
369,64,491,275,278,336,292,495,276,276,27400
283,373,326,285,272,328,296,485,283,272,27416
133,230,534,284,272,337,294,489,284,271,27432
160,239,513,275,281,330,294,498,272,279,27448
443,184,370,276,281,329,296,493,272,271,27464
344,143,446,280,276,338,291,496,282,272,27481
235,277,452,275,281,328,291,496,272,281,27496
264,303,418,279,275,341,280,493,283,271,27512
217,198,509,281,278,333,289,492,276,280,27529
333,268,405,276,279,335,283,502,278,274,27544
182,214,512,277,280,328,267,498,273,279,27560
232,90,536,276,282,335,245,496,271,279,27577
415,0,488,283,271,313,230,463,283,276,27592
104,199,436,276,277,290,259,415,271,294,27609
316,29,451,280,271,271,335,369,280,306,27625
198,98,423,269,270,283,360,407,289,305,27640
332,12,416,268,266,285,444,398,292,310,27657
114,389,168,274,268,296,586,401,285,329,27673
1,479,335,272,267,334,633,481,289,331,27688
59,648,150,271,266,355,552,532,289,329,27705
518,589,165,279,268,364,496,495,275,329,27720
94,658,292,283,266,354,432,459,276,313,27737
4,652,435,277,274,314,349,424,275,289,27752
263,641,295,283,270,272,349,367,273,274,27768
83,576,371,274,279,253,542,314,266,269,27784
46,516,402,273,277,236,652,245,282,296,27800
217,354,402,277,269,376,662,203,301,373,27816
213,383,377,289,274,646,652,464,281,381,27832
264,394,402,289,269,651,625,402,272,388,27848
326,385,445,280,273,578,71,219,253,388,27864
351,442,506,278,286,277,0,318,271,381,27880
299,477,453,280,276,234,0,389,276,317,27895
205,638,246,272,283,200,32,369,269,264,27912
58,502,398,278,283,219,220,371,273,251,27927
47,429,434,276,283,220,136,414,282,237,27943
263,336,443,275,276,236,48,436,283,216,27960
264,352,419,273,277,221,102,383,283,200,27975
189,474,358,274,279,255,136,343,289,176,27992
291,393,437,284,282,447,109,326,279,174,28007
197,407,391,271,278,579,429,293,283,177,28023
197,406,383,283,276,543,651,281,263,175,28040
204,403,340,279,281,397,657,312,260,204,28055
219,287,514,276,281,275,660,295,271,234,28071
364,420,280,285,271,260,653,295,287,256,28087
145,529,366,277,279,281,553,342,278,277,28103
48,514,426,277,275,304,543,354,288,282,28119
147,536,347,285,277,314,658,329,283,315,28135
251,405,408,276,277,451,655,263,301,373,28151
232,374,404,288,275,651,652,321,295,384,28167
264,397,410,287,278,657,650,254,246,380,28183
349,271,509,281,270,655,2,4,277,391,28198
246,417,485,274,274,591,0,380,314,389,28215
121,604,392,281,278,395,4,649,267,312,28230
199,477,445,273,285,240,3,271,262,219,28247
77,331,571,284,276,283,252,345,269,228,28262
279,305,437,273,282,274,53,478,275,199,28278
248,421,390,280,283,202,21,322,281,177,28294
128,434,437,285,283,333,46,302,278,169,28310
212,440,428,285,279,536,264,311,269,176,28325
202,440,412,283,276,639,558,308,262,177,28342
192,477,354,277,282,595,655,418,268,175,28358
258,303,420,283,285,463,649,454,253,197,28374
162,304,460,279,283,343,656,385,251,216,28390
85,237,635,283,278,239,659,270,269,253,28405
289,282,467,275,281,218,649,224,281,289,28422
472,307,357,275,279,276,430,355,299,281,28437
210,244,592,285,275,313,370,450,294,271,28453
24,630,369,285,278,320,288,481,285,262,28470
548,329,314,280,285,303,352,461,274,251,28485
71,635,316,279,281,305,490,438,289,241,28502
346,192,530,288,279,320,377,460,285,248,28517
404,334,320,283,278,330,355,455,294,242,28533
369,178,487,278,284,365,369,538,286,239,28550
336,299,301,287,282,363,385,516,276,255,28565
361,119,440,279,279,342,381,503,286,246,28581
363,93,457,280,278,332,341,501,284,252,28598
265,2,654,285,278,312,324,462,277,262,28613
379,293,286,281,282,313,337,455,275,270,28630
204,5,650,286,275,326,299,455,285,271,28645
144,171,507,280,277,346,232,489,286,271,28661
349,2,507,284,273,342,216,485,282,277,28678
140,382,348,283,276,332,250,473,276,284,28693
185,155,500,274,278,333,268,481,276,279,28709
431,229,359,274,280,334,287,489,277,280,28726
423,67,472,275,278,342,288,504,279,274,28741
120,353,451,281,273,357,302,509,285,270,28758
115,145,633,279,280,349,284,503,272,279,28774
442,273,325,285,273,355,282,495,283,269,28789
235,353,380,275,279,337,312,489,278,270,28806
131,91,628,284,273,345,331,487,280,277,28822
338,76,496,281,273,359,279,503,285,272,28837
409,131,433,276,281,346,279,501,271,280,28854
174,244,509,275,278,351,300,499,278,274,28870
259,310,410,282,272,350,274,493,283,272,28886
379,314,311,281,273,353,274,493,283,269,28902
137,51,652,274,279,348,288,496,273,276,28918
233,87,534,274,279,335,311,496,275,275,28934
250,60,570,280,274,338,314,494,283,272,28950
163,379,385,285,272,347,303,488,281,279,28966
206,220,483,283,272,348,287,490,284,272,28982
260,235,475,277,280,338,284,484,274,281,28998
231,224,474,276,277,347,277,491,280,272,29015
262,241,459,274,281,347,298,492,272,279,29030
220,302,437,275,279,348,296,506,279,273,29046
280,323,393,282,273,348,290,497,283,270,29063
52,222,603,283,275,343,310,485,276,279,29078
322,125,469,282,276,340,327,475,276,280,29094
314,247,404,279,276,350,305,494,283,275,29111
276,321,388,284,276,338,287,486,280,280,29126
149,193,541,283,274,352,284,493,284,271,29143
213,230,456,275,279,352,293,496,276,275,29159
205,217,477,284,273,347,281,486,285,271,29174
358,287,355,276,278,352,277,500,280,272,29191
199,125,557,277,277,345,303,494,281,273,29207
194,231,489,279,276,347,299,496,281,273,29222
190,291,471,280,277,340,309,491,275,282,29239
254,164,472,285,272,341,300,486,282,274,29255
218,150,515,285,272,345,295,487,283,274,29271
330,269,404,284,272,347,275,493,284,273,29287
209,57,643,275,278,347,289,497,277,273,29302
146,286,464,274,280,345,300,498,273,278,29319
350,114,464,278,276,347,291,495,282,271,29335
98,347,459,276,281,347,299,486,272,281,29350
286,157,469,280,279,342,297,488,274,283,29367
303,286,410,284,274,345,294,491,278,279,29383
250,184,466,285,272,339,298,487,284,270,29400
225,307,434,284,272,347,294,489,284,271,29415
307,326,363,282,278,346,288,491,275,282,29431
294,315,376,281,276,334,301,484,275,281,29448
242,298,434,277,280,340,300,485,272,282,29463
239,350,379,285,273,344,285,487,281,278,29479
224,91,561,274,280,343,281,492,275,277,29496
252,175,465,279,275,350,285,498,282,271,29511
176,100,605,275,281,335,306,492,272,279,29528
140,332,446,274,279,344,294,495,277,275,29544
214,150,530,275,281,346,289,495,273,279,29559
61,293,521,285,272,344,298,486,281,275,29576
255,38,606,285,272,339,303,481,282,275,29591
171,260,508,282,277,342,306,483,277,281,29607
220,303,447,281,279,332,291,489,274,281,29624
281,245,443,280,275,345,291,496,282,271,29639
203,215,468,282,273,344,291,489,283,270,29656
253,266,457,284,274,341,303,484,280,278,29672
286,254,444,275,280,343,296,498,277,275,29687
314,298,378,277,277,348,299,497,282,272,29704
53,321,522,275,281,341,296,496,272,280,29720
281,359,333,279,275,347,291,493,282,272,29735
121,159,606,285,273,350,292,485,282,277,29752
187,220,510,274,279,342,295,493,276,276,29768
112,328,471,274,280,340,294,496,277,274,29784
95,157,612,280,274,351,286,495,285,270,29800
344,224,416,280,280,340,292,489,273,282,29816
99,421,396,282,278,339,300,482,275,282,29832
474,214,319,284,272,355,285,495,284,273,29848
204,280,461,282,274,356,285,501,284,271,29864
508,195,327,285,272,355,287,495,283,270,29880
284,70,534,281,278,344,301,487,274,281,29896
364,193,426,279,279,342,295,490,273,282,29913
138,347,453,275,277,350,287,495,280,272,29928
295,307,384,275,277,351,284,494,278,273,29944
398,281,326,282,273,351,286,491,284,271,29961
322,263,401,274,280,347,293,491,275,275,29976
331,139,446,285,272,347,286,485,282,275,29992
165,332,455,276,280,340,296,488,273,277,30009
268,237,437,280,274,354,292,496,283,270,30024
170,338,442,282,273,348,296,496,284,271,30041
174,110,594,282,278,343,301,484,274,281,30057
284,213,434,282,273,350,286,495,285,271,30072
303,21,577,285,272,351,290,487,280,278,30089
364,281,364,285,272,349,287,496,281,276,30105
244,99,539,279,280,344,302,488,272,282,30120
385,103,454,283,273,348,290,494,285,270,30137
74,150,643,274,280,348,295,501,276,275,30153
176,320,465,280,280,338,306,486,273,281,30169
268,24,634,278,275,347,289,499,282,271,30185
369,112,465,283,275,346,294,483,276,280,30201
340,282,373,275,280,343,300,489,272,279,30217
124,282,503,277,281,344,296,491,272,280,30233
269,311,415,278,281,341,299,485,272,280,30249
168,168,566,275,282,340,291,489,272,278,30265
83,285,513,283,274,348,295,480,278,280,30281
111,221,537,284,271,350,287,485,282,275,30298
277,54,556,282,272,354,279,495,283,270,30313
58,368,476,282,273,349,288,488,283,271,30329
153,144,595,278,280,345,292,489,272,280,30345
76,278,532,284,271,350,290,487,282,274,30361
345,59,503,278,274,349,291,495,284,270,30377
283,352,324,281,278,338,306,481,274,281,30393
397,163,416,283,277,347,295,484,276,281,30409
169,184,538,275,280,344,292,496,277,275,30426
332,60,526,280,276,351,296,493,283,271,30441
198,326,432,284,275,346,297,485,277,280,30457
413,71,468,285,273,347,298,485,281,277,30474
86,263,540,276,277,345,286,495,280,272,30489
483,121,391,278,275,348,283,495,283,271,30505
211,416,321,275,280,339,292,495,274,277,30522
58,322,508,278,280,339,302,486,272,281,30537
443,267,319,284,272,351,281,488,284,273,30554
468,180,358,277,276,353,283,498,281,272,30570
271,55,571,285,271,351,285,493,282,275,30585
159,100,609,279,275,347,283,496,283,271,30602
202,379,368,274,279,342,292,496,278,273,30618
140,199,558,278,280,338,304,485,273,282,30633
210,132,517,281,274,347,281,492,284,270,30650
104,167,606,281,278,342,295,487,274,282,30666
225,402,323,283,272,351,290,492,283,275,30682
217,384,353,284,271,350,292,491,282,275,30698
475,98,425,285,272,346,292,488,283,274,30714
32,277,565,285,272,350,289,486,281,276,30730
0,369,501,284,275,346,295,489,278,280,30746
332,368,286,279,274,337,296,495,283,272,30763
301,250,447,281,277,343,298,483,274,281,30778
340,92,486,276,281,337,299,488,271,280,30794
257,337,383,284,272,345,291,486,281,277,30810
200,326,444,285,272,349,281,488,281,276,30826
148,347,438,277,275,351,286,492,283,270,30842
345,350,301,282,272,350,294,490,284,272,30859
206,326,429,274,279,347,289,494,279,273,30874
173,148,565,281,279,344,294,484,274,281,30891
160,195,558,279,274,348,288,498,284,271,30907
344,202,440,275,278,350,286,499,278,274,30922
417,131,417,274,279,349,290,491,276,276,30939
432,122,418,275,278,348,290,496,278,273,30955
139,179,563,278,276,347,286,496,283,271,30970
270,296,401,281,273,355,283,492,285,271,30987
95,274,523,277,275,352,286,489,282,271,31003
223,85,584,284,272,351,288,486,282,276,31019
388,144,416,278,279,344,292,490,273,281,31035
231,388,335,274,280,346,287,493,273,277,31050
164,386,387,284,272,352,285,490,284,272,31067
314,53,530,283,272,353,285,493,284,272,31083
364,174,431,275,280,345,293,493,273,277,31098
354,150,436,281,274,354,288,495,283,270,31115
389,226,373,283,272,350,290,492,283,271,31131
346,268,390,282,276,345,292,485,276,280,31147
288,119,495,276,278,348,287,493,279,274,31163
358,119,453,284,273,349,292,487,280,277,31179
395,26,511,275,280,339,295,496,272,278,31195
208,346,391,284,276,343,304,484,276,281,31211
381,159,427,281,278,348,304,488,273,281,31227
315,97,502,275,279,344,295,496,277,275,31243
344,127,473,282,273,352,296,491,284,271,31259
186,112,592,276,276,348,290,495,282,271,31276
256,360,368,280,274,354,294,495,284,272,31291
332,130,458,282,273,347,286,492,285,271,31307
438,138,402,279,279,344,293,489,273,282,31324
